index,content,hashtags,,
0,"['1person', 'standing', 'outdoor']",[],,
4,"['oneormorepeople', 'dog']","['#fellfreunde', '#prt', '#parsonrussellterrier', '#dog', '#dogoftheday', '#doglover', '#instadog', '#dogofinstagram', '#parsonrussellsofinstagram', '#maskenn√§hen', '#masken', '#maskeauf', '#maskensch√ºtzenalle', '#mundnasenschutzmaskenn√§hen', '#corona', '#covid', '#pandemie', '#n√§henmachtgl√ºcklich', '#n√§henistwiezaubernk√∂nnen', '#n√§henf√ºrhunde', '#helfenkannjeder', '#ilovemydog', '#finleytheparson']",,
9,"['7people', ""text""]","['#gpat', '#pharmacy', '#pharmacist', '#pharmacistlife', '#medical', '#pharmacology', '#covid', '#coviÃád19']",,
11,['text'],"['@vast_info', '#covid', '#corona', '#oneplus', '#instagram', '#mobile', '#smartphone', '#latest', '#technology', '#computer', '#supercomputer', '#inforamtion', '#launch', '#vastinfo', '#sailikhith']",,
14,['text'],"['#vcet', '#vcetian', '#velcolltrolls', '#covid', '#coviÃád19', '#stayhome']",,
15,"['1person', 'sunglasses', 'closeup']","['#Gucci', '#Mask', '#Coronavirus', '#COVID', '#EssentialEmployee', '#Quarantine', '#NotUs', '@stocktons209sfinest']",,
17,"['oneormorepeople', ""textthatsays'InstytutIn≈ºynieriiMateria≈ÇowejPolitechniki≈Å√≥dzkiejCentrumDoskonaleniaNauczycieliKszta≈ÇceniaPraktycznegou≈ºyczy≈Çyswojedrukarki3DabyBionanoparkm√≥g≈Çdrukowaƒáwiƒôcejadapter√≥wdomasekprzy≈Çbicdlamedyk√≥w.#DRUKUJEMYUPBO'""]","['@bionanopark.lodz', '@bionanopark.lodz', '@bionanopark.lodz', '#drukujemydlamedykow', '#drukujemydlamedyk√≥w', '#druk3d', '#print3d', '#3dprint', '#coronavid19', '#koronawirus', '#coviÃád19', '#lekarz', '#lekarze', '#drukujemydlaszpitali', '#stayathome', '#zostanwdomu', '#cov19', '#razemmo≈ºemywiƒôcej', '#stopkoronawirus', '#przylbicedlaszpitali', '#wspierajmysie', '#covid', '#covidkindness', '@bionanopark.lodz']",,
19,"[""possibletextthatsays'HealthcarewarkersTHANKYOUFORYOURCALMPRESENCEWHENTHEWHOLEWORLDSEEMSTOBEPANICKING@ensearch_nnp#WeSupportYou'""]","['@ensearch_nnp', '@RepostRegramApp', '#ThankYou', '#healthcareworkers', '#wesupportyou', '#criticalcarenurse', '#nurses', '#nicunurses', '#nurse', '#nurselife', '#covid_19', '#covid', '#neonatalnurses', '#intensivecare', '#nurselife', '#nursepractitioners', '#nursesrock']",,
21,['text'],"['#quarantine', '#covid', '#covid_19', '#corona', '#usa', '#america', '#socialdistancing', '#metric']",,
22,"['oneormorepeople', 'indoor']","['#cabelo', '#salao', '#sbc', '#cabelos', '#sp', '#hair', '#hairstyle', '#meucabelo', '#meuhair', '#love', '#beleza', '#mundodabelleza', '#quarentena', '#fiqueemcasa', '#covid', '#liso']",,
23,"['1person', 'closeup', 'indoor']","['@tamex_creations', '@biancaa95', '#staysafe', '#stayhomesavelives', '#covid', '#doyourpart', '#dontforgetyourmask']",,
24,['PhotobyPeterWentzFarmsteadinPeterWentzFarmstead.'],"['#covid', '#besafe', '#stayhome', '#18thcentury', '#colonialhome', '#livinghistory', '#livinghistorymuseum', '#historynerd', '#americanrevolution', '#covid2020', '#survive', '#covid19']",,
26,"[""possibletextthatsays'StayConnectedLIKEOURFACEBOOKPAGE@jaffeorthodonticsf'""]","['#jaffeorthodontics', '#drjordanjaffe', '#braces', '#invisalign', '#socialdistancing', '#COVID', '#stayconnected']",,
29,"[""possibletextthatsays'Alwayskeepabottleofwineinthefridgeforspecialoccasions.Youknow"", ""likeWednesday.'""]",['#covid'],,
30,['1person'],"['@jornalparipassu', '#covid', '#EUA', '#OMS', '#Trump']",,
31,['drawing'],"['#—Ñ–æ—Ä—Ç—Ä–æ—Å—ä', '#—Ñ–æ–ª–∫–º–µ—Ç–∞–ª', '#–º–µ—Ç–∞–ª', '#–º—É–∑—ã–∫–∞', '#covid', '#fortross', '#folkmetal', '#pagan']",,
33,"['1person', ""possibletextthatsays'Ou√ßambem"", 'rapazes', 'porcausadestapandemia', 'queroqueroquefiquemtodosemcasa', 'parasemanteremseguros.Exceptotu', ""Atchim...tupodespassar-teaocaralho!@memesycenas'""]","['#memesycenas', '#memes', '#andamento', '#ranhoso', '#passateaocaralho', '#atchim', '#7', '#7anoes', '#sete', '#seteanoes', '#anoes', '#anao', '#brancadeneve', '#branca', '#neve', '#rapazes', '#pandemia', '#casa', '#seguros', '#quarentena', '#covid', '#covid19', '#covid_19', '#cenas']",,
34,"['PhotobyPatriota51Par√°onApril15', '2020.']","['#Preven√ß√£o', '#Covid', '#patriota51', '#AbraceEstaCausa']",,
35,"['1person', 'standing']","['#missmyquarantinedays', '#covid', '#coviÃád19', '#quarantinedays', '#stayhome', '#staysafe']",,
39,"['PhotobyMtlNutbaronApril15', '2020.']","['#art', '#fanart', '#artistsofinstagram', '#ink', '#paint', '#marker', '#copic', '#draw', '#illustration', '#comics', '#comicbooks', '#comicbookart', '#tmnt', '#teenagemutantninjaturtles', '#leonardo', '#donatello', '#michalangelo', '#raphael', '#turtle', '#ninja', '#stayhome', '#stayathome', '#stayhealthy', '#staysafe', '#flattenthecurve', '#covid', '#quarantine', '#quarantinelife', '#quarantineart']",,
40,"['PhotobyCoronaVirusü¶†onApril15', '2020.']","['@dafquarantine', '#Coronavirusmemes', '#coronamemes', '#virus', '#coronameme', '#covid19memes', '#coronavirus', '#covid19', '#quarantine', '#quarantined', '#covid', '#stayathome', '#corona', '#5g', '#stop5g']",,
41,['text'],"['#covid', '#experience', '#czechrepublic', '#finish', '#restart', '#start', '#experiencze', '#book', '#now']",,
42,"['PhotobyFarmaExpress24ElMilagroonApril15', '2020.']","['#farmaexpress24', '#farmacia', '#maracaibo', '#venezuela', '#covid', '#yomequedoencasa']",,
43,['PhotobyRICAMBI2ERREinItaly.'],"['#andratuttobene', '#andr√†tuttobene', '#mascherina', '#mascherine', '#ffp2mask', '#ffp2', '#tnt', '#lavabile', '#dpi', '#igiene', '#igienepersonale', '#igienemani', '#covid', '#coviÃád19', '#italia', '#italy', '#sicilia', '#sicily']",,
44,"['3people', ""textthatsays'TakeCareofyourFamilyMOLINARANGEL'""]","['#family', '#insurence', '#orlando', '#usa', '#covid', '#prevention', '#molinayrangel', '#florida', '#publicajuster']",,
45,"['1person', 'indoor']","['#socialdistancing', '#quarantine', '#covid', '#dachshund', '#weeniedog', '#weinerdog', '#dachshundsofinstagram', '#puppy', '#dog', '#puppydog', '#toddler', '#snacks']",,
47,"['2people', 'indoor']","['#beritamakassar', '#beritaterkini', '#Marosinfo', '#infomakassar', '#Maros', '#makassarinfo', '#InfoMaros', '#makassarnews', '#MarosNews', '#sulsel', '#selatancoid', '#beritaselatan', '#mediaselatan', '#kejadianmakassar', '#visitsulsel', '#salingjaga', '#covid', '#covid19', '#viruscorona', '#coronavirus']",,
48,"['3people', 'peoplestanding', 'outdoor', ""possibletextthatsays'FAMILYSTRESSEDTOFAMILYBESTConnectingtoYourChild'sGiftedness!MAXWELLDISCMETHODTbeJOHNMAXWELLean'""]","['#stress', '#kids', '#workfromhome', '#stayathome', '#covid', '#quarantine', '#communication', '#connection', '#relationships', '#understanding', '#discprofile']",,
49,['text'],"['#deus', '#jesuscristo', '#jesus', '#espiritosanto', '#fe', '#versiculosbiblicos', '#bibliasagrada', '#deusefiel', '#versiculos', '#fidelidade', '#amordedeus', '#vidadeora√ß√£o', '#comunh√£o', '#devocional', '#corona', '#gratid√£o', '#milagres', '#ceu', '#vida', '#covid', '#paodiario', '#luz', '#chamadosparaservir', '#palavra', '#iurd', '#versiculodiario', '#palavradosenhor', '#assembleiadedeus', '#quadrangular', '#biblia']",,
1,"['oneormorepeople', 'dog']","['#fellfreunde', '#prt', '#parsonrussellterrier', '#dog', '#dogoftheday', '#doglover', '#instadog', '#dogofinstagram', '#parsonrussellsofinstagram', '#maskenn√§hen', '#masken', '#maskeauf', '#maskensch√ºtzenalle', '#mundnasenschutzmaskenn√§hen', '#corona', '#covid', '#pandemie', '#n√§henmachtgl√ºcklich', '#n√§henistwiezaubernk√∂nnen', '#n√§henf√ºrhunde', '#helfenkannjeder', '#ilovemydog', '#finleytheparson']",
2,"['7people', ""text""]","['#gpat', '#pharmacy', '#pharmacist', '#pharmacistlife', '#medical', '#pharmacology', '#covid', '#coviÃád19']",
3,['text'],"['@vast_info', '#covid', '#corona', '#oneplus', '#instagram', '#mobile', '#smartphone', '#latest', '#technology', '#computer', '#supercomputer', '#inforamtion', '#launch', '#vastinfo', '#sailikhith']",
4,['text'],"['#vcet', '#vcetian', '#velcolltrolls', '#covid', '#coviÃád19', '#stayhome']",
5,"['1person', 'sunglasses', 'closeup']","['#Gucci', '#Mask', '#Coronavirus', '#COVID', '#EssentialEmployee', '#Quarantine', '#NotUs', '@stocktons209sfinest']",
6,"['oneormorepeople', ""textthatsays'InstytutIn≈ºynieriiMateria≈ÇowejPolitechniki≈Å√≥dzkiejCentrumDoskonaleniaNauczycieliKszta≈ÇceniaPraktycznegou≈ºyczy≈Çyswojedrukarki3DabyBionanoparkm√≥g≈Çdrukowaƒáwiƒôcejadapter√≥wdomasekprzy≈Çbicdlamedyk√≥w.#DRUKUJEMYUPBO'""]","['@bionanopark.lodz', '@bionanopark.lodz', '@bionanopark.lodz', '#drukujemydlamedykow', '#drukujemydlamedyk√≥w', '#druk3d', '#print3d', '#3dprint', '#coronavid19', '#koronawirus', '#coviÃád19', '#lekarz', '#lekarze', '#drukujemydlaszpitali', '#stayathome', '#zostanwdomu', '#cov19', '#razemmo≈ºemywiƒôcej', '#stopkoronawirus', '#przylbicedlaszpitali', '#wspierajmysie', '#covid', '#covidkindness', '@bionanopark.lodz']",
7,"[""possibletextthatsays'HealthcarewarkersTHANKYOUFORYOURCALMPRESENCEWHENTHEWHOLEWORLDSEEMSTOBEPANICKING@ensearch_nnp#WeSupportYou'""]","['@ensearch_nnp', '@RepostRegramApp', '#ThankYou', '#healthcareworkers', '#wesupportyou', '#criticalcarenurse', '#nurses', '#nicunurses', '#nurse', '#nurselife', '#covid_19', '#covid', '#neonatalnurses', '#intensivecare', '#nurselife', '#nursepractitioners', '#nursesrock']",
8,['text'],"['#quarantine', '#covid', '#covid_19', '#corona', '#usa', '#america', '#socialdistancing', '#metric']",
9,"['oneormorepeople', 'indoor']","['#cabelo', '#salao', '#sbc', '#cabelos', '#sp', '#hair', '#hairstyle', '#meucabelo', '#meuhair', '#love', '#beleza', '#mundodabelleza', '#quarentena', '#fiqueemcasa', '#covid', '#liso']",
10,"['1person', 'closeup', 'indoor']","['@tamex_creations', '@biancaa95', '#staysafe', '#stayhomesavelives', '#covid', '#doyourpart', '#dontforgetyourmask']",
11,['PhotobyPeterWentzFarmsteadinPeterWentzFarmstead.'],"['#covid', '#besafe', '#stayhome', '#18thcentury', '#colonialhome', '#livinghistory', '#livinghistorymuseum', '#historynerd', '#americanrevolution', '#covid2020', '#survive', '#covid19']",
12,"[""possibletextthatsays'StayConnectedLIKEOURFACEBOOKPAGE@jaffeorthodonticsf'""]","['#jaffeorthodontics', '#drjordanjaffe', '#braces', '#invisalign', '#socialdistancing', '#COVID', '#stayconnected']",
13,"[""possibletextthatsays'Alwayskeepabottleofwineinthefridgeforspecialoccasions.Youknow"", ""likeWednesday.'""]",['#covid'],
14,['1person'],"['@jornalparipassu', '#covid', '#EUA', '#OMS', '#Trump']",
15,['drawing'],"['#—Ñ–æ—Ä—Ç—Ä–æ—Å—ä', '#—Ñ–æ–ª–∫–º–µ—Ç–∞–ª', '#–º–µ—Ç–∞–ª', '#–º—É–∑—ã–∫–∞', '#covid', '#fortross', '#folkmetal', '#pagan']",
16,"['1person', ""possibletextthatsays'Ou√ßambem"", 'rapazes', 'porcausadestapandemia', 'queroqueroquefiquemtodosemcasa', 'parasemanteremseguros.Exceptotu', ""Atchim...tupodespassar-teaocaralho!@memesycenas'""]","['#memesycenas', '#memes', '#andamento', '#ranhoso', '#passateaocaralho', '#atchim', '#7', '#7anoes', '#sete', '#seteanoes', '#anoes', '#anao', '#brancadeneve', '#branca', '#neve', '#rapazes', '#pandemia', '#casa', '#seguros', '#quarentena', '#covid', '#covid19', '#covid_19', '#cenas']",
17,"['PhotobyPatriota51Par√°onApril15', '2020.']","['#Preven√ß√£o', '#Covid', '#patriota51', '#AbraceEstaCausa']",
18,"['1person', 'standing']","['#missmyquarantinedays', '#covid', '#coviÃád19', '#quarantinedays', '#stayhome', '#staysafe']",
19,"['PhotobyMtlNutbaronApril15', '2020.']","['#art', '#fanart', '#artistsofinstagram', '#ink', '#paint', '#marker', '#copic', '#draw', '#illustration', '#comics', '#comicbooks', '#comicbookart', '#tmnt', '#teenagemutantninjaturtles', '#leonardo', '#donatello', '#michalangelo', '#raphael', '#turtle', '#ninja', '#stayhome', '#stayathome', '#stayhealthy', '#staysafe', '#flattenthecurve', '#covid', '#quarantine', '#quarantinelife', '#quarantineart']",
20,"['PhotobyCoronaVirusü¶†onApril15', '2020.']","['@dafquarantine', '#Coronavirusmemes', '#coronamemes', '#virus', '#coronameme', '#covid19memes', '#coronavirus', '#covid19', '#quarantine', '#quarantined', '#covid', '#stayathome', '#corona', '#5g', '#stop5g']",
21,['text'],"['#covid', '#experience', '#czechrepublic', '#finish', '#restart', '#start', '#experiencze', '#book', '#now']",
22,"['PhotobyFarmaExpress24ElMilagroonApril15', '2020.']","['#farmaexpress24', '#farmacia', '#maracaibo', '#venezuela', '#covid', '#yomequedoencasa']",
23,['PhotobyRICAMBI2ERREinItaly.'],"['#andratuttobene', '#andr√†tuttobene', '#mascherina', '#mascherine', '#ffp2mask', '#ffp2', '#tnt', '#lavabile', '#dpi', '#igiene', '#igienepersonale', '#igienemani', '#covid', '#coviÃád19', '#italia', '#italy', '#sicilia', '#sicily']",
24,"['3people', ""textthatsays'TakeCareofyourFamilyMOLINARANGEL'""]","['#family', '#insurence', '#orlando', '#usa', '#covid', '#prevention', '#molinayrangel', '#florida', '#publicajuster']",
25,"['1person', 'indoor']","['#socialdistancing', '#quarantine', '#covid', '#dachshund', '#weeniedog', '#weinerdog', '#dachshundsofinstagram', '#puppy', '#dog', '#puppydog', '#toddler', '#snacks']",
26,"['2people', 'indoor']","['#beritamakassar', '#beritaterkini', '#Marosinfo', '#infomakassar', '#Maros', '#makassarinfo', '#InfoMaros', '#makassarnews', '#MarosNews', '#sulsel', '#selatancoid', '#beritaselatan', '#mediaselatan', '#kejadianmakassar', '#visitsulsel', '#salingjaga', '#covid', '#covid19', '#viruscorona', '#coronavirus']",
27,"['3people', 'peoplestanding', 'outdoor', ""possibletextthatsays'FAMILYSTRESSEDTOFAMILYBESTConnectingtoYourChild'sGiftedness!MAXWELLDISCMETHODTbeJOHNMAXWELLean'""]","['#stress', '#kids', '#workfromhome', '#stayathome', '#covid', '#quarantine', '#communication', '#connection', '#relationships', '#understanding', '#discprofile']",
28,['text'],"['#deus', '#jesuscristo', '#jesus', '#espiritosanto', '#fe', '#versiculosbiblicos', '#bibliasagrada', '#deusefiel', '#versiculos', '#fidelidade', '#amordedeus', '#vidadeora√ß√£o', '#comunh√£o', '#devocional', '#corona', '#gratid√£o', '#milagres', '#ceu', '#vida', '#covid', '#paodiario', '#luz', '#chamadosparaservir', '#palavra', '#iurd', '#versiculodiario', '#palavradosenhor', '#assembleiadedeus', '#quadrangular', '#biblia']"
1,"['oneormorepeople', 'cloud', 'sky', 'outdoor', 'water', 'nature']","['#memories', '#holiday', '#torneremoaviaggiare', '#quarantine', '#coronavirus', '#covid']"
3,"['1person', 'indoor']","['#nofilter', '#positivevibes', '#positivity', '#selfisolation', '#lockdown', '#covid', '#covid19', '#wfh', '#drsara', '#allthesmallthings']"
5,"['oneormorepeople', 'peoplestanding', 'sky', 'outdoor']","['@artru_est', '#china', '#quarantine', '#covid', '#virus', '#collageart', '#collageartwork', '#collagemaker', '#cutandpaste', '#mixedmedia', '#collageartist', '#collageoftheday', '#collagestash', '#digitalcollage', '#popart', '#collages', '#collage', '#pandemic', '#digitalart', '#surreal', '#contemporaryart', '#exhibition', '#artruist', '#nightcollage']"
6,['text'],[]
7,"['4people', 'child', 'closeup']","['#nhsday', '#ONEMILLIONCLAPS', '#nhsday', '#clapforourcarers', '#nhsheroes', '#supportthenhs', '#nhssupport', '#clapforthenhs', '#nhs', '#nhssavinglives', '#notallheroeswearcapes', '#covid_19', '#lockdown', '#covid']"
11,"['PhotobyUPWestYouthCongressonApril16', '2020.']","['#congress', '#bjp', '#rss', '#modi', '#uttarpradesh', '#covid_19', '#amitshah', '#news', '#corona', '#breakingnews', '#congress', '#bjp', '#rahulgandhi', '#india', '#covid', '#narendramodi', '#politics', '#amitshah', '#inc', '#delhi', '#election', '#news', '#indian', '#indianpolitics', '#bhfyp', '#priyankagandhi', '#youthcongress', '#breakingnews', '#soniagandhi']"
12,['oneormorepeople'],"['#jualmasker', '#maskermurah', '#maskerscuba', '#maskerkorea', '#maskerscubakorea', '#jualmaskerscuba', '#jualmaskerscubasurabaya', '#jualmaskerscubajakarta', '#maskerscubasurabaya', '#maskerscubajakarta', '#jualmaskersurabaya', '#jualmaskersidoarjo', '#maskerscubamurah', '#maskercorona', '#covid', '#corona', '#covid19', '#lawancovid', '#jualhandsanitizer', '#handsanitizer', '#handasnitizermurah', '#jualhandsanitizermurah', '#jualhandsanitizersurabaya', '#jualhandsanitizerbandung', '#jualhandsanitizermalang', '#jualhandsanitizerindonesia', '#maskerscubajatim']"
13,"['PhotobyEurotipoSRLonApril16', '2020.']","['#coviÃád19', '#covid', '#protection']"
14,['text'],"['#handgel', '#handsanitizer', '#antibacterial', '#ukbeauty', '#covid', '#covid19', '#corona', '#coronavirus']"
15,"['oneormorepeople', 'closeup']","['#living', '#me', '#spring', '#covid19', '#covid', '#restart', '#slow', '#brown', '#green', '#eyes', '#pic', '#insta', '#virus', '#instapic', '#life', '#italy', '#instacool', '#primavera', '#here', '#face', '#pauseandreflect', '#lightblue', '#2020', '#instaday', '#perasperaadastra', '#today', '#white', '#tan']"
16,"['PhotobyLouiseWycherleyonApril16', '2020.']","['#covid', '#lockdown']"
22,"['Photobyùôªùöäùöûùöõùöäùô∂ùöéùöóùöùùöíùöïùöíonApril16', '2020.']","['#rainbow', '#andr√†tuttobene', '#arcobaleno', '#draw', '#disegnodelgiorno', '#resistenza', '#litaliacheresiste', '#iorestoacasaedisegno', '#iorestoacasa', '#stayathome', '#illustrations', '#illustratori', '#illustratoriitaliani', '#positivequotes', '#illustrator', '#positiveillustration', '#quotesillustration', '#quotes', '#covid']"
23,"['1person', ""possibletextthatsays'TIER:ACED0.02KD'""]","['#memesdaily', '#messmemes', '#memes', '#superdmemes', '#dankmemesdaily', '#dankmemes', '#sexy', '#marvel', '#funnymemesdaily', '#nudes', '#dankmemes', '#dankmemesdaily', '#extremelyawesomememes', '#memesdaily', '#memesdaily', '#marvel', '#funnymemes', '#coronacrativity', '#covid19', '#covid', '#quarantineandchill', '#hotgirl', '#quarantinepillowchallenge', '#pubgmobile', '#gamers', '#instagram', '#gamers', '#pubgmobile', '#pubg', '#ig', '#pc', '#pmmodi', '#photography', '#tiktok', '#faisusquad', '#lockdown']"
24,['text'],"['@ahcwa_youth', '#covid', '#covid19', '#corona', '#coronavirus', '#sketchnotes', '#sketchnoting', '#graphicrecording', '#graphicrecorder', '#visualfacilitation', '#stayathome', '#clapforourcarers']"
25,"['PhotobyUPCentralYouthCongressonApril16', '2020.']","['#congress', '#bjp', '#rss', '#modi', '#uttarpradesh', '#covid_19', '#amitshah', '#news', '#corona', '#breakingnews', '#congress', '#bjp', '#rahulgandhi', '#india', '#covid', '#narendramodi', '#politics', '#amitshah', '#inc', '#delhi', '#election', '#news', '#indian', '#indianpolitics', '#bhfyp', '#priyankagandhi', '#youthcongress', '#breakingnews', '#soniagandhi']"
26,"['table', 'livingroom', 'indoor']","['#projetocamilaleite', '#designdeinteriores', '#design', '#verde', '#green', '#projetoonline', '#projetopresencial', '#amooquefa√ßo', '#luxury', '#adegaclimatizada', '#varandagourmet', '#salaevarandaintegradas', '#decore', '#decoracao', '#decoracion', '#duratex', '#jardim', '#paisagismoresidencial', '#tidelli', '#madeserra', '#floraplac', '#onyx', '#homeoffice', '#emcasa', '#covid', '@duratex_pisosepaineis', '@tidellibrasil', '@tidellifortaleza', '@duratexsa', '@floraplac', '@portobello', '@ceusarevestimentos', '@madeserra']"
27,"['oneormorepeople', 'peoplewalking', 'outdoor']",['#covid']
30,"[""possibletextthatsays'NewSalesType'""]","['@kopiwaeciputat', '#corona', '#covid', '#stayhome', '#socialdistancing']"
31,"[""possibletextthatsays'NOTEVERYTHINGISCANCELLEDsunshineisnotcancelledspringisnotnotcancelledloveisnotcancelledrelationshipsarenotcancelledreadingisnotcancellednapsarenotcancelleddevotionisnotcancelledmusicisnotcancelleddancingisnotcancelledimaginationisnotcancelledkindnessisnotcancelledconversationsarenotcancelledhopeisnotcancelled#keeplookingupSimpleStencils.com'""]","['#stayingsafe', '#staysocial', '#staysafe', '#socialdistancing', '#beautifulmorning', '#instagram', '#wegotthis', '#covid', '#athlone', '#countyourblessings']"
33,"['PhotobyAhmadouOumarBAonApril16', '2020.']",['#COVID']
37,"['1person', 'sitting', 'child', 'outdoor']","['#–≤–µ—Å–Ω–∞2020', '#–ª—é–±–∏–º—ã–π—Å—ã–Ω', '#–º–æ–µ—Å—á–∞—Å—Ç—å–µ', '#–∫–∞—Ä–∞–Ω—Ç–∏–Ω2020', '#–æ—Å—Ç–∞–≤–∞–π—Ç–µ—Å—å–¥–æ–º–∞', '#covid']"
38,"['plant', 'flower']","['#luissepulveda', '#covid', '#levieuxquilisaitdesromansdamour', '#bookstagram', '#book', '#bookaddict', '#author', '#livre', '#livrestagram', '#lire', '#lisez', '#read', '#reader', '#litterature', '#literature', '#chili', '@editionspoints', '@editionsmetailie', '#rip']"
44,"['screen', 'indoor']","['#izmir', '#kar≈üƒ±yaka', '#onlineshopping', '#onlineeƒüitim', '#macabilisim', '#sosyalmedya', '#design', '#evdenparakazan', '#evden√ßƒ±kma', '#evdekal', '#eticaret', '#eticaretsitesi', '#website', '#webdesign', '#uzaktaneƒüitim', '#kampanya', '#mobiluygulama', '#yazƒ±lƒ±m', '#corona', '#covid', '#covid_19', '#evdekalt√ºrkiye', '#saƒülƒ±kbakanlƒ±ƒüƒ±', '#gooddays']"
45,"['sky', 'plant', 'house', 'tree', 'outdoor']","['#nba', '#basket', '#pallacanestro', '#allstargame', '#paciano', '#sport', '#quarantena', '#covid', '#pallone', '#tarmak', '#decathlon', '#decathlon', '#cobybryant', '#chicagobulls', '#bryant', '#faidate']"
47,"[""textthatsays'Theendoftheworld:2021ThedyslexicMayawhowrote2012:'""]","['#meme', '#memes', '#funny', '#funnymeme', '#funnymemes', '#dailymemes', '#edgymemes', '#lmao', '#memestagram', '#dankmeme', '#memepage', '#memesforlife', '#nicememes', '#dankmemer', '#memepages', '#memes4days', '#goodmemesdaily', '#goodmemes', '#memester', '#memesquad', '#shitpost', '#shitposting', '#corona', '#coronavirus', '#quarantine', '#covid', '#covid19']"
49,['PhotobyCBIIUKinUnitedKingdom.'],"['#cbiihero', '@cbii_cbd', '#cbiihero']",
1,"['oneormorepeople', 'tree', 'wedding', 'crowd', 'outdoor']","['#ozodlik', '#uzbekistan', '#covid', '#karantin']"
2,['text'],[]
5,"['1person', 'indoor']","['#nofilter', '#positivevibes', '#positivity', '#selfisolation', '#lockdown', '#covid', '#covid19', '#wfh', '#drsara', '#allthesmallthings']"
6,"['4people', 'child', 'closeup']","['#nhsday', '#ONEMILLIONCLAPS', '#nhsday', '#clapforourcarers', '#nhsheroes', '#supportthenhs', '#nhssupport', '#clapforthenhs', '#nhs', '#nhssavinglives', '#notallheroeswearcapes', '#covid_19', '#lockdown', '#covid']"
7,"['oneormorepeople', 'peoplestanding', 'sky', 'outdoor']","['@artru_est', '#china', '#quarantine', '#covid', '#virus', '#collageart', '#collageartwork', '#collagemaker', '#cutandpaste', '#mixedmedia', '#collageartist', '#collageoftheday', '#collagestash', '#digitalcollage', '#popart', '#collages', '#collage', '#pandemic', '#digitalart', '#surreal', '#contemporaryart', '#exhibition', '#artruist', '#nightcollage']"
8,"['oneormorepeople', 'closeup']","['#bergamo', '#home', '#quarantine', '#covid', '#april2020', '#pandemia', '#memories']"
9,"['dog', 'indoor']","['@mybuddypet', '#pug', '#pugs', '#pugbrasil', '#pugmania', '#friend', '#quarentine', '#quarentena', '#pugofinstagram', '#melhoramigo', '#covid', '#covid19', '#mybuddypet', '#isolamento', '#oi', '#bbb', '#pictures', '#bigbrother', '#doguinhos', '#passeio', '#praca', '#coffeetime', '#quintafeira', '#dia', '#quintou', '#boanoite', '#pracinha']"
14,"['1person', 'closeup']","['#Repost', '@journal.dune.infi', '#infirmiere', '#rn', '#hopital', '#h√¥pital', '#nurse', '#nurselife', '#hospital', '#takecare', '#covid', '#covid2020', '#confinement', '#belgium', '#brussels', '#chirur', '#hero', '#heroes']"
20,"['1person', 'closeup']","['#likes', '#likesforlikes', '#likes4likes', '#likesforfollow', '#likebackteam', '#likesreturned', '#likesforlike', '#coronatime', '#covid', '#stayathome', '#staysafe', '#stayhome', '#keepcalmandstayathome', '#love', '#instagood', '#me', '#tbt', '#cute', '#follow', '#followme']"
21,"['oneormorepeople', 'closeup']","['#piennedi', '#salmondna', '#somonbaligi', '#botox', '#dysport', '#mezoniti', '#beauty', '#ejal40', '#filler', '#karonavir√ºs', '#covid', '#covid2020', '#karantina', '#endirim', '#endirinvar']"
27,"['3people', 'indoor']","['#karant√©n', '#covid', '#maradjotthon', '#stayathome', '#staysafe', '#mykids']"
30,"['PhotobyZEROFUNonApril16', '2020.']","['#zerofunboardgames', '#zerofungames', '#terroroflondon', '#gasmask', '#gasmasks', '#mask', '#masks', '#covid', '#maschera', '#cardgame', '#boardgamegeek', '#boardgaming', '#boardgame']"
31,"['1person', 'text']","['#COMaranh√£o', '#Cirurgia', '#M√©dico', '#Medicina', '#Sa√∫de', '#Oncologia', '#TratamentodoC√¢ncer', '#C√¢ncer', '#VencendooC√¢ncer', '#Coronav√≠rus', '#COVID']"
33,['text'],"['#memories', '#color', '#colorfull', '#golden', '#gift', '#insta', '#instagram', '#mosaic', '#photographer', '#vibrant', '#2k19', '#mumbai', '#maharashtra', '#kolkata', '#friends', '#model', '#style', '#studio', '#beautiful', '#girl', '#love', '#midnightsun', '#covid', '#corona', '#covid2020', '#audiforum', '#ingolstadt', '#germany', '#memes', '#memestagram']"
35,"['oneormorepeople', 'text']","['#live', '#saude', '#covid', '#pandemia', '#sistemaimunologico', '#tct', '#terapiachoquetermico', '#brasil', '#angola', '#doutorchingui']"
36,"['food', 'text']","['#quarantena', '#quarantenanostalgica', '#lecce', '#pasticciotto', '#pasticciottoleccese', '#pasticciotti', '#pasticciottosalentino', '#pasticciottoleccese‚ù§Ô∏è', '#salentofoodporn', '#salentomio', '#covid19italia', '#covid', '#coviÃád19']"
39,"['2people', 'drink', 'indoor']","['@busymumbusytimes', '#cocktails', '#manchester', '#anniversary', '#5thanniversary', '#lockdown', '#wife', '#toddler', '#homeschool', '#covid', '#corona', '#covid19', '#workingfromhome', '#stayhome', '#love', '#itsthelittlethingsinlife', '#family', '#familylife', '#mumlife', '#dadlife', '#busytimes', '#busydad', '#parenting', '#worklifebalance', '#family', '#instadad', '#instadaddies', '#funtimes', '#th']"
40,"['grass', 'dog', 'outdoor', 'nature']","['#promenade', '#confinement', '#covid', '#dog', '#dogsofinstagram', '#doglovers', '#doglife', '#bulldog', '#bulldogfrances', '#bouledoguefrancais', '#bouledogue', '#bouledoguefrancaisfauve', '#french_bulldogs', '#frenchiesofinstagram', '#frenchielovers', '#soleil', '#avril2020', '#herbe', '#fauve', '#fleurs', '#vert', '#chaud']"
41,['1person'],"['#„Ç´„É™„Ç´„ÉÅ„É•„Ç¢', '#caricature', '#„Ç´„É™„Ç´„ÉÅ„É•„Ç¢„Ç∏„É£„Éë„É≥', '#caricaturejapan', '#‰ººÈ°îÁµµ', '#„Ç≥„É≠„Éä„Å´Ë≤†„Åë„Çã„Å™', '#Âú®ÂÆÖÁ†î‰øÆ', '#Â∞èÂ≥∂„Çà„Åó„Åä', '#„Ç™„ÉÉ„Éë„ÉÉ„Éî„Éº', '#comedian', '#art', '#drawing', '#doodle', '#illustration', '#design', '#gift', '#comedian', '#COVID', '#thanks']"
42,['food'],"['#–æ—Å—Ç–∞–≤–∞–π—Ç–µ—Å—å–¥–æ–º–∞', '#–∫–∞—Ä–∞–Ω—Ç–∏–Ω', '#–¥–æ–º', '#—Å–µ–º—å—è', '#—Å—á–∞—Å—Ç–ª–∏–≤—ã–≤–º–µ—Å—Ç–µ', '#–±–ª–æ–≥–≥–µ—Ä', '#–±–ª–æ–≥', '#–∫–æ—Ä–æ–Ω–∞–≤–∏—Ä—É—Å', '#–∑–∞–≤—Ç—Ä–∞–∫', '#–ª–∞–π–∫', '#–ø–æ–¥–ø–∏—Å–∫–∞', '#—É–∫—Ä–∞–∏–Ω–∞', '#–Ω–∏–∫–æ–ª–∞–µ–≤', '#–∫–∞—Ä–∞–Ω—Ç–∏–Ω2020', '#—Å–∏–¥–∏–º–¥–æ–º–∞', '#likes', '#follow', '#–±–ª–æ–≥–≥–µ—Ä—É–∫—Ä–∞–∏–Ω–∞', '#breakfast', '#coronatime', '#covid', '#niko', '#stayhome']"
46,"['1person', 'standing', 'tree', 'outdoor', 'nature']","['#single', '#warkahcintatentera', '#covid']"
48,"['plant', 'outdoor']","['#missinghugs', '#love', '#hugs', '#gardenmoments', '#albertaspruce', '#COVID']"
3,['text'],[]
4,"['oneormorepeople', 'closeup']","['#bergamo', '#home', '#quarantine', '#covid', '#april2020', '#pandemia', '#memories']"
5,"['1person', 'indoor']","['#nofilter', '#positivevibes', '#positivity', '#selfisolation', '#lockdown', '#covid', '#covid19', '#wfh', '#drsara', '#allthesmallthings']"
6,"['1person', 'outdoor']","['#run', '#covid', '#covid_19', '#igsg', '#sgig', '#running', '#exercise', '#pant', '#instagood', '#instafit', '#instaphoto', '#instapic']"
9,"['1person', 'eyeglasses', 'closeup', 'text']","['#ENpodcast', '#podcast', '#education', '#accountability', '#schools', '#students', '#teachers', '#edleadership', '#covid', '#coronavirus']"
10,"['oneormorepeople', 'crowd', 'text']","['#cubrebocas', '#mascarillas', '#pa√±uelos', '#contagios', '#COVID', '#CiudaddeM√©xico', '#QuedateEnCasa']"
11,"['PhotobyBiancaCrossonApril16', '2020.']","['#positivity', '#covid', '#isolation', '#change', '#resiliance', '#mentalhealth', '#mindfulness']"
13,"['1person', 'suit', 'text']","['#covid', '#corona', '#coronavirus', '#virus', '#viruses', '#coviÃád19', '#lockdown', '#lockdown2020', '#lockdownlife', '#uk', '#unitedkingdomüá¨üáß', '#unitedkingdom', '#quarantine', '#extensions', '#quarantinelife', '#primeminister', '#coronav√≠ruslockdown', '#coronaviruslockdownuk', '#cnn', '#cnnnews', '#globalalumnus']"
15,"['1person', 'closeup', 'text']","['#selfcare', '#GeetanjaliStudio', '#SumitIsrani', '#hair', '#blowdry', '#styling', '#hairsolution', '#makeup', '#partymakeup', '#bridalmakeup', '#pamper', '#salon', '#haircolor', '#grooming', '#hairstyles', '#style', '#manicure', '#pedicure', '#india', '#covid', '#covidkindness', '#quarantinetips', '#groomingtips']"
17,"['oneormorepeople', 'ring']","['@GEMSAYA', '@GEMSAYA', '#diamond', '#diamondring', '#‡πÅ‡∏´‡∏ß‡∏ô', '#‡πÅ‡∏´‡∏ß‡∏ô‡πÄ‡∏û‡∏ä‡∏£', '#‡πÅ‡∏´‡∏ß‡∏ô‡πÄ‡∏û‡∏ä‡∏£‡πÅ‡∏ó‡πâ', '#‡∏ó‡∏≠‡∏á‡∏Ñ‡∏≥', '#‡∏™‡∏£‡πâ‡∏≠‡∏¢‡∏≠‡∏¥‡∏ï‡∏≤‡∏•‡∏µ', '#‡∏ó‡∏≠‡∏á‡∏Ñ‡∏≥‡∏Ç‡∏≤‡∏ß', '#‡∏ó‡∏≠‡∏á‡∏ä‡∏°‡∏û‡∏π', '#gold', '#whitegold', '#rosegold', '#wedding', '#luxury', '#brandname', '#covid', '#covid19', '#sale']"
18,"['bedroom', 'text']","['#—Ö–æ—á—É–≤—Ç–æ–ø', '#—Ç–≤–∏—á', '#—Ç—Ä–∞–Ω—Å–ª—è—Ü–∏—è', '#–≤–æ–ª–æ–Ω—Ç–µ—Ä—ã', '#—Ç–≤–æ—Ä–∏–¥–æ–±—Ä–æ', '#–∫–∞—Ä–∞–Ω—Ç–∏–Ω', '#–∫–æ–≤–∏–¥', '#twitch', '#–ø—Ä—è–º–æ–π—ç—Ñ–∏—Ä', '#—á–∞—Ç', '#—Å—Ç—Ä–∏–º', '#stream', '#covid', '#covidmemes', '#–∫–æ—Ä–æ–Ω–æ–≤–∏—Ä—É—Å', '#–¥–æ–º', '#–∫–≤–∞—Ä—Ç–∏—Ä–∞', '#–∫—Ä–æ–≤–∞—Ç—å', '#–∑–µ—Ä–∫–∞–ª–æ', '#–∏–Ω—Å—Ç–∞–≥—Ä–∞–º–º', '#–º–µ–º', '#–º–µ–º—ã', '#—Å–º–µ—à–Ω–æ', '#–≤–µ—Å–µ–ª—å–µ', '#—Ä–æ—Ñ–ª', '#—á–µ–ª–ª–µ–Ω–¥–∂', '#challenge', '#covid', '#—Ö–æ—á—É–≤—Ä–µ–∫–æ–º–µ–Ω–¥–∞—Ü–∏–∏', '#–≤–∑–∞–∏–º–æ–ª–∞–π–∫–∏', '#–≤–∑–∞–∏–º–æ–ø–∏–∞—Ä']"
20,"['PhotobyM√°scarasPretotorasdeTecidoonApril16', '2020.']","['#fiqueemcasa', '#usemascara', '#mascara', '#mascaradetecido', '#ecologico', '#covid', '#covid19', '#covidbrasil', '#coronavirus', '#protecao', '#fiqueemcasa', '#usemascara']"
22,"['1person', 'text']","['#covid', '#coviÃád19', '#quarantine', '#quarantinelife', '#joke', '#funny', '#girlfriend']"
23,"['PhotobyClorofillaDesignCreativoonApril16', '2020.']","['#handmade', '#covid', '#iorestoacasa']"
24,"['1person', 'cat', 'eyeglasses']","['#TBT', '#Siberiancat', '#siberianforestcat', '#instacat', '#cutecat', '#kitten', '#kittens', '#kittensofinstagram', '#kittenlove', '#cuteness', '#catsofinstagram', '#meowmeow', '#meowstagram', '#fluffycat', '#babyanimals', '#siberiancatsofinstagram', '#siberiancatlovers', '#london', '#londoncat', '#covid', '@catstagramcat', '@cats_of_instagram', '@meowstagram', '#siberian_cat_lovers', '#katze', '#chat', '#chaton', '#purrfect']"
27,"['text', ""Shilohwarritatafo.com/ubiranien...'""]","['#covid19', '#covid', '#coronavirus', '#news', '#naijanews', '#foreignnews', '#football', '#epl', '#premierleague', '#us', '#uk', '#london', '#england', '#newyork', '#donaldtrump', '#trump', '#buhari', '#davido', '#2baba', '#bbnaija', '#nollywood', '#lockdown', '#pandemic', '#burnaboy', '#wwe', '#wrestlemania', '#lagos', '#warri', '#warritatafodotcom', '#tatafo']"
29,"['PhotobyMartiniqueCr√©ationsUniquesonApril16', '2020.']","['#covid', '#chic', '#modernstyle', '#modemartinique', '#masque', '#masques', '#coviÃád19']"
31,['text'],"['#qu√©date', '#receta', '#recetamedica', '#recetadigital', '#prescripcion', '#medicamentos', '#remedios', '#descuentos', '#obrassociales', '#farmacias', '#hospitales', '#sanatorios', '#medicos', '#residentes', '#concurrentes', '#sociedades', '#ambulancias', '#enfermeros', '#clinicos', '#covid', '#coronavirus', '#2020']"
33,"['Photoby@daew_deyonApril16', '2020.']",['#covid']
34,"['PhotobyLili_TattooüåôonApril16', '2020.']","['#mycat', '#love', '#animallover', '#catlover', '#kitty', '#selfie', '#selfietime', '#me', '#tattooartist', '#covid', '#poznan', '#polishgirl', '#ink', '#likeforlikes', '#goodvibes', '#mood', '#picoftheday']"
35,"['sky', 'cloud', 'bridge', 'outdoor']","['#covid', '#covid19', '#okmeydanƒ±eƒüitimveara≈ütƒ±rmahastanesi', '#cemilta≈ü√ßƒ±oƒülu≈üehirhastanesi']"
36,"['PhotobyùëØùíÜùíÇùíÖùë∫ùíëùíÇùíÑùíÜùíòùíìùíäùíïùíÜùíì‚ú®onApril16', '2020.']","['@sofiacogumbreiro', '#writersofinstagram', '#womaninprogress', '#mindfulness', '#mindcoach', '#selflove', '#mentalhealth', '#love', '#psychology', '#holistic', '#wordsofwisdom', '#support', '#cosmos', '#universe', '#covid_19', '#covid', '#covƒ±d19', '#f4follow', '#quarantine', '#covidkindness', '#togetherwearestronger']"
39,['motorcycle'],['#covid']
46,"['text', 'dieihrenMund-Nasen-Schutznicht√ºberdieNaseziehen', 'istnichtsneues.HeutesprachichmiteinerDame', ""dieihnjedochnur√ºberderNasetrug.Warum?Schnupfen!Ichwiederhole:Schnupfen!#DerApotheker'""]","['#DerApotheker', '#Coronavirus', '#coronavirus', '#corona', '#Mundschutz', '#maske', '#ffp', '#Desinfektionsmittel', '#desinfektion', '#COVID2019de', '#covid', '#Hom√∂opathie', '#Hom√∂opathieheiltnie', '#Apotheker', '#Apotheke', '#twitter', '#Deutschland', '#vernunft', '#Heilpraktiker', '#Heilpraktikerabschaffen', '#Globuli', '#Arzt', '#√Ñrztin', '#Impfen', '#impfpflicht', '#medizin', '#Arzneimittel']"
47,"['PhotobyHopeRemainsonApril16', '2020.']","['@steftemm', '#art', '#getcreative', '#painting', '#illustration', '#covidart', '#quarantineart', '#covid19', '#covid_19', '#covid', '#coronavirus', '#virus', '#covid19art', '#staysafe', '#wewillsurvive', '#quarantine', '#love', '#hope', '#artwillsavetheworld', '#stayathome', '#stayhome', '#ficaemcasa', '#follow', '#photooftheday', '#vaificartudobem', '#newlife', '#cartoon', '#covid19illustration', '#socialdistancing', '#lockdown', '#andratuttobene']"
48,['text'],"['#covid19', '#covid', '#coronavirus', '#news', '#naijanews', '#foreignnews', '#football', '#epl', '#premierleague', '#us', '#uk', '#london', '#england', '#newyork', '#donaldtrump', '#trump', '#buhari', '#davido', '#2baba', '#bbnaija', '#nollywood', '#lockdown', '#pandemic', '#burnaboy', '#wwe', '#wrestlemania', '#lagos', '#warri', '#warritatafodotcom', '#tatafo']"
49,['text'],"['#militarybrat', '#beastmode', '#beast', '#team', '#character', '#integrity', '#courage', '#confidence', '#strongwomen', '#strongertogether', '#forbes', '#businesswomen', '#physicianassistant', '#palife', '#physicianassistantstudent', '#nurse', '#nursingstudent', '#medicalstudent', '#covid', '#coviÃád19', '#medicine', '#katieallenpa', '#military', '#airforce', '#army', '#navy', '#marines', '#nationalguard', '#csuite', '#glassceiling']"
1,['food'],"['#bread', '#breadmaking', '#pullmanloaf', '#pullmanbread', '#paindemie', '#sandwich', '#toast', '#toastthursday', '#foodstagram', '#foodie', '#foodporn', '#bake', '#shiptonmill', '#love', '#instagood', '#instafood', '#igers', '#photooftheday', '#picoftheday', '#lockdown', '#covid', '#organic', '#organicflour']"
2,"['1person', 'closeup']",[]
5,"['1person', 'sitting', 'indoor']","['#covid', '#covid', '#saƒülƒ±k√ßalƒ±≈üanlarƒ±', '#ciltbakƒ±mƒ±veg√ºzellik', '#saƒülƒ±k', '#summer']"
8,['text'],[]
10,"['PhotobyPiersBourkeinLondon', 'UnitedKingdom.']","['#nhs', '#love', '#blue', '#family', '#care', '#covid', '#lockdown', '#2020', '#hospital', '#uk', '#art', '#abstractart', '#studio', '#gallery', '#minimalism', '#abstract', '#gallery', '#piersbourke', '#collage', '#design', '#blue']"
11,['2people'],"['#fun', '#meme', '#lol', '#covid', '#covid19', '#covid_19', '#coronavirus', '#iorestoacasa', '#like', '#quarantena', '#stayathome', '#stayathomechallenge', '#stayhome']"
12,"['PhotobyAmandaCostadaSilvaonApril16', '2020.']","['#covid', '#pandemia', '#vamosvencer']"
14,"['oneormorepeople', 'text']","['#weddingphotography', '#wedding', '#weddingphotographer', '#bride', '#weddingday', '#weddinginspiration', '#weddingdress', '#photography', '#love', '#weddings', '#weddingplanner', '#groom', '#prewedding', '#bridetobe', '#photographer', '#weddingideas', '#weddingphoto', '#destinationwedding', '#photooftheday', '#weddinginspo', '#indianwedding', '#instawedding', '#covid', '#coronavirus', '#brideandgroom', '#engagement', '#weddingdecor', '#weddingphotos', '#weddingmakeup', '#bricabraccreations']"
18,"['sky', 'cloud', 'outdoor']","['#paris', '#france', '#franceüá´üá∑', '#france_focus_on', '#france4dreams', '#parisfrance', '#parisianstyle', '#parisparis', '#parisphotography', '#covid', '#coviÃád19', '#covid19', '#confinement', '#confinementfrance', '#reflection', '#reflectionphotography', '#aftertherain', '#sunset']"
19,"['sky', 'outdoor', 'text']","['#betterdaysarecoming', '#staystrong', '#pandemic', '#coronavirus', '#covid']"
20,"['PhotobyElleZedCreationsonApril16', '2020.']","['#covid', '#staysafe', '#nursestrong', '#madewithlove', '#canadasews']"
21,"['PhotobyRaquelLobatonNutIncluyenteonApril16', '2020.']","['#nutricionincluyente', '#coviÃád19', '#engordar', '#memes', '#gordofobia', '#fatphobia', '#nodiet', '#beautystandards', '#gorda', '#flaca', '#covid', '#cuarentena', '#comida']"
22,"['grass', 'outdoor']","['#dirumahaja', '@temizman_tng', '@temizman_tng', '#temizmantangerang', '#temizman', '#zikridaulay', '#syakirdaulay', '#skincarecowok', '#skincaremurahmeriah', '#skincarehalal', '#skincarebpom', '#psbb', '#wfh', '#quarantine', '#covid', '#healtheworld']"
23,['1person'],"['#corona', '#covid', '#dezenfeksiyon', '#dezenfektan', '#evdekal', '#egemdezenfeksiyon', '#izmir', '#evdekalizmir', '#bornova', '#kar≈üƒ±yaka', '#bostanlƒ±', '#mavi≈üehir', '#alsancak', '#g√ºzelyalƒ±']"
26,"['peoplesitting', 'text', ""osestadost√™madotadodiversasmedidasrestritivascomoformadepreven√ß√£oVOC√äSABIA?√âcrimeinfringirdetermina√ß√£odopoderdestinadaaimpedirpropaga√ß√£odedoen√ßacontagiosaFIQUEEMCASAMDB'""]","['#pracegover', '#mdbnosenado', '#mdb', '#EuSouMDB', '#PontoDeEquilibrio', '#covid', '#covid_19', '#coronav√≠rus', '#corona', '#coronavirus', '#cidadania', '#saude', '#saudepublica', '#sus', '#crime']"
27,"['oneormorepeople', 'peoplestanding', 'plant', 'tree', 'outdoor']","['#wearethevirus', '#canonae1', '#sydney', '#covid', '#corona']"
28,['Photoby–°–ü–±üôå–ê–ù–¢–ò–°–ï–ü–¢–ò–ö/–°–ê–ù–ò–¢–ê–ô–ó–ï–†in–≠–ª–µ–∫—Ç—Ä–æ—Å–∏–ª–∞.'],"['#–∞–Ω—Ç–∏—Å–µ–ø—Ç–∏–∫', '#–∞–Ω—Ç–∏—Å–µ–ø—Ç–∏–∫–¥–ª—è—Ä—É–∫', '#–∞–Ω—Ç–∏—Å–µ–ø—Ç–∏–∫—Å–ø–±', '#–∞–Ω—Ç–∏—Å–µ–ø—Ç–∏–∫–¥–ª—è—Ä—É–∫—Å–ø–±', '#–∞–Ω—Ç–∏—Å–µ–ø—Ç–∏–∫–∏', '#–∫—É–ø–∏—Ç—å–∞–Ω—Ç–∏—Å–µ–ø—Ç–∏–∫', '#–∫—É–ø–∏—Ç—å–∞–Ω—Ç–∏—Å–µ–ø—Ç–∏–∫–∏', '#–∞–Ω—Ç–∏—Å–µ–ø—Ç–∏–∫–æ–ø—Ç', '#–∞–Ω—Ç–∏—Å–µ–ø—Ç–∏–∫–æ–ø—Ç–æ–º', '#—Å–∞–Ω–∏—Ç–∞–π–∑–µ—Ä', '#—Å–∞–Ω–∏—Ç–∞–π–∑–µ—Ä—Å–ø–±', '#—Å–∞–Ω–∏—Ç–∞–π–∑–µ—Ä–¥–ª—è—Ä—É–∫', '#—Å–∞–Ω–∏—Ç–∞–π–∑–µ—Ä—ã–∫—É–ø–∏—Ç—å', '#—Å–∞–Ω–∏—Ç–∞–π–∑–µ—Ä–æ–ø—Ç', '#—Å–∞–Ω–∏—Ç–∞–π–∑–µ—Ä–æ–ø—Ç–æ–º', '#–∫–æ—Ä–æ–Ω–∞–≤–∏—Ä—É—Å', '#–∫–æ—Ä–æ–Ω–∞–≤–∏—Ä—É—Å—Å–ø–±', '#covid', '#covid19', '#covid2019', '#covid2020']"
29,"['PhotobyMZonApril16', '2020.']","['#comics', '#BD', '#bandedessin√©e', '#covid', '#bandedessinee']"
32,"['PhotobyERBAKANDEVRƒ∞inIstanbul', 'Turkey.']","['@erbakanfatih', '@erbakandevri', '@terzihuseyin3461', '@mustafadonmez42', '@rplokmancelik', '@hasbi.sekmenn', '@gencrefaheyupsultan_', '@gencrefahgop', '#FatihErbakan', '#YenidenRefahPartisi', '#RefahPartisi', '#NecmettinErbakan', '#Erbakan', '#MilliG√∂r√º≈ü', '#MilliGorus', '#AdilD√ºzen', '#ƒ∞slamBirliƒüi', '#ƒ∞slam', '#Osmanlƒ±', '#Abd√ºlhamidHan', '#Abd√ºlhamidKayƒ±hanOsmanoƒülu', '#Siyaset', '#Mhp', '#Chp', '#Akparti', '#T√ºrkiye', '#Ba≈ükanFatihErbakan', '#FatihErbakan', '#erbakan', '#osmanlƒ±', '#Ayasofya', '#muhsinyazƒ±cƒ±oƒülu', '#t√ºrkiye', '#≈üehit', '#pazartesi', '#per≈üembe', '#cumartesi', '#korona', '#covid']"
35,['PhotobyARSONLIVELYinOriginal55.'],"['#studiolife', '#picoftheday', '#cancersurvivor', '#funny', '#podcastersofinstagram', '#friends', '#drinking', '#covid', '#lifeinthe605', '#Houstonstrong', '#Nashville', '#Nashville', '#arsonlively', '#blomusicgroup']"
36,"['oneormorepeople', 'closeup']","['@houseofsuarez', '@mr_webber_menswear', '#facemask', '#safetyfirst', '#covid', '#keepgoing', '#lockdown']"
37,['1person'],"['#rendafixa', '#promo√ß√£o', '#dinheiro', '#trabalho', '#vagas', '#emprego', '#vagas', '#empregos', '#trabalhar', '#bora', '#luta', '#vidamelhor', '#aprendiz', '#jovem', '#menoraprendiz', '#ficaemcasa', '#casa', '#emcasa', '#corona', '#covid', '#deusnocomando', '#aux√≠lioemergencial']"
38,"['text', 'seehowyoucouldsaveonautoinsuranceStateFarmLocalmentalhealthprofessionalsofferingservicestofirstresponders', 'hospitalemployeesLaurenDaniels12hoursagoLocalmentalhealthprofessionalsofferingservicestofirstresponders', ""hospitalemployees'""]","['#COVID', '#medicalstaff']"
39,"['1person', 'phone']","['#covid', '#stayhome', '#businesswomen', '#trenchcoat', '#womenempowerment', '#feminism', '#virus', '#ichooseyou', '#asianmodel', '#daftpunk', '#goodvibes']"
41,['text'],"['#newpodcast', '#thedailyturnup', '#spotify', '#itunes', '#apple', '#googlepodcasts', '#newpodcast', '#newstoday', '#politics', '#worldnews', '#internationalnews', '#politicalpodcast', '#politicalnews', '#democrats', '#bestpodcast', '#10minutes', '#covid', '#coronavirus', '#covidupdate', '#republicans', '#elizabethwarren', '#warren', '#vp', '#vicepresident', '#stitcher', '#overcast', '#womenvicepresident']"
42,"['oneormorepeople', 'closeup']","['@houseofsuarez', '@mr_webber_menswear', '#facemask', '#safetyfirst', '#covid', '#keepgoing', '#lockdown']"
43,['text'],"['#dirumahaja', '#stayathome', '#corona', '#covid', '#coviÃád19', '#yogyakarta']"
45,"['3people', 'peoplestanding', 'child']","['#mingguanwanita', '#makananviral', '#amazing', '#amarbahrin', '#amyrarosli', '#sukamakan', '#sayangimalaysiaku', '#mfmirafilzah', '#benamirr', '#dramasweetdreams', '#gemukair', '#gegarvaganza', '#berita', '#DemiRindumu', '#kkm', '#pesanpadahati', '#kitabaikramaisayang', '#covid_19', '#lestary', '#covid', '#tipsdiet', '#tipskurus', '#tipskurusramadhan', '#tipskurussebelumraya', '#kurussebelumraya', '#ramadhantiba', '#bazaarramadhan', '#bazaronline']"
46,"['peoplesitting', 'screen', 'office', 'indoor']","['@_mdangels', '@tekmaneducation', '@amco_iberia', '@genially_official', '#teletrabajo', '#teletreball', '#school', '#coleencasa', '#schoolathome', '#ludilletres', '#homeschooling', '#genialy', '#meet', '#lego', '#emat', '#mates', '#amco', '#coworking', '#coworkingspace', '#home', '#covid', '#family', '#happy']"
47,"['PhotobyCharlyinMilan', 'Italy.']","['#illustration', '#dessin', '#alien', '#stars', '#space', '#espace', '#covid', '#covid19', '#confinement', '#quarantaine', '#milan', '#milano', '#moon', '#sunset', '#sunsetlovers', '#sun', '#soleil', '#artofinstagram', '#photo', '#design', '#designer', '#illustratrice', '#digitalillustration', '#digitalart', '#paris', '#lyon', '#nyc', '#film', '#illustrationoftheday', '#spaceillustration']"
48,['text'],"['#covid', '#washyourhands', '#smartwatch', '#toosmart']"
2,['food'],"['#bread', '#breadmaking', '#pullmanloaf', '#pullmanbread', '#paindemie', '#sandwich', '#toast', '#toastthursday', '#foodstagram', '#foodie', '#foodporn', '#bake', '#shiptonmill', '#love', '#instagood', '#instafood', '#igers', '#photooftheday', '#picoftheday', '#lockdown', '#covid', '#organic', '#organicflour']"
3,"['1person', 'closeup']",[]
4,"['1person', 'sitting', 'indoor']","['#covid', '#covid', '#saƒülƒ±k√ßalƒ±≈üanlarƒ±', '#ciltbakƒ±mƒ±veg√ºzellik', '#saƒülƒ±k', '#summer']"
7,['text'],[]
9,"['bird', 'outdoor']","['#naturephotography', '#nature', '#photography', '#naturelovers', '#photooftheday', '#landscape', '#escapefromreality', '#travelphotography', '#travel', '#birdsofinstagram', '#birdlovers', '#photographer', '#nyc', '#centralpark', '#naturelover', '#instagood', '#picoftheday', '#beautiful', '#perfection', '#bluejays', '#original', '#nikon', '#nikond5600', '#newphotographer', '#newyork', '#newyorkcity', '#covid', '#socialdistancing', '#coronavirus', '#spring']"
10,['text'],"['#covid', '#assis', '#ficaemcasa']"
11,['5people'],"['#COVID', '#StayHome', '#BeSafe', '#Pray4Malaysia', '#PolisDirajaMalaysia', '#RoyalMalaysiaPolice', '#PDRM', '#RMP']"
12,"['7people', 'peoplesitting', 'food', 'indoor']","['#birthdaygirl', '#april', '#lockdown', '#covid', '#quarantinelife', '#aries']"
20,['oneormorepeople'],"['#masker', '#corona', '#virus', '#covid', '#hijab']"
21,"['1person', 'closeup']","['#love', '#smile', '#kiss', '#happy', '#smile', '#nude', '#cuddle', '#singlegirl', '#covid', '#usaüá∫üá∏', '#nurse']"
22,['text'],"['#clevertongomes', '#dinheiro', '#coronav√≠rus', '#covid', '#economia', '#money', '#aux√≠lioemergencial', '#loterica', '#desespero', '#brasil']"
24,"['text', ""yyohumedadenlapared.JAPUKAMBAEOK'""]","['#Newton', '#Cuarentena', '#Covid', '#MemesParaguay', '#QuedateEnCasa', '#MemesCoronavirus']"
26,['2people'],"['#evdekal', '#bursako√ßlukmerkezi', '#herkeseg√ºzelgelecek', '#ge√ßmi≈ü≈üimdigelecek', '#bursa', '#bursako√ßluk', '#coaching', '#bursada', '#ko√ßluk', '#ko√ßlukeƒüitimi', '#ko√ß', '#motivasyon', '#onlinekocluk', '#onlineko√ßluk', '#uzaktaneƒüitim', '#evdekalt√ºrkiye', '#covid', '#corona']"
28,"['PhotobyBazaarTimesIndiaonApril16', '2020.']","['@bazaar_times_india_', '@bazaar_times_india', '#coronavirusindia', '#corona', '#coronavirusupdate', '#epidemic', '#pandemic', '#covid', '#covid_19', '#publichealth', '#emergency', '#india', '#delhi', '#banglore', '#kerala', '#mumbai', '#delhi', '#bank', '#businessnews', '#banknifty', '#traders', '#crisis', '#shutdown', '#lockdown2', '#moneycontrol', '#marketingmind', '#dailymarketupdate', '#startupindia', '#startupnews', '#businessnews', '#businessindia', '#modi', '#narendramodi', '#stockmarket']"
29,"['food', 'indoor']","['#pizzakit', '#covid', '#vitos', '#italian', '#wine']"
30,"['sky', 'text']","['#dy', '#ideas', '#covid', '#coronavirus', '#quedateencasa', '#tuyyo']"
33,"['1person', 'closeup']","['@butikelrahexclusivehq', '#elrah', '#hotel', '#covid', '#nature', '#life', '#2020', '#ootd', '#elrahexclusive', '#pkp', '#untiltomorrow', '#hyunbin']"
36,"['text', ""beingscar..moreViewall15comments'""]","['#covid', '#covid19', '#coronamemes', '#covid19memes', '#covid19meme', '#coronavirus', '#coronav√≠rus', '#coronavir√ºs', '#coronavirusmemes', '#coronav√≠rusmemes', '#coronavirusnews', '#sarsmemes', '#quarantine', '#quarantinelife', '#isolation', '#socialdistancing', '#quarantineandchill', '#quarantime', '#covid19news', '#coronacooking', '#meemes', '#jokes', '#coronavirusmemesüòÇüòÇüòÇ', '#followforfollowback', '#s4s', '#f4f', '#timepass', '#lockdown', '#lockdown2020', '#lockdownlife']"
39,"['oneormorepeople', 'closeup']","['#masker', '#corona', '#virus', '#covid', '#hijab']"
43,"['7people', 'meme', 'text', ""YehHamaraAadmiHai..AurTuMeriAuratHaiSaale!'""]","['#funniest_amdavadi', '#funnymemes', '#funny', '#enjoy', '#picoftheday', '#amdavad', '#pictureoftheday', '#insta', '#instagood', '#instamood', '#instagram', '#cat', '#amdavadi', '#follow4followback', '#followers', '#followÔΩçe', '#like4likes', '#likeforlikes', '#indianjokes', '#indianjokes', '#quarantine', '#stayhome', '#corona', '#covid', '#memes', '#meme', '#joke', '#fun', '#india', '#amazing', '#amazon']"
44,"['text', 'therearefourcoronavirusesthatalreadycir-culateinhumanbeings.Theycausethecommoncold', '', ""wedon'thavevaccinesforanyofthem"", ""'hesaid.'""]","['#covid_19', '#covid', '#coronavirus', '#pandemia', '#pandemia2020', '#covidtesting']"
48,"['1person', 'standing', 'shoes', 'suit', 'indoor']","['#peace', '#democracy', '#Ethiopia', '#Sweden', '#traditional', '#political', '#ethnic', '#religious', '#Covid', '#virus', '#DriveforDemocracy']"
49,"['PhotobyCoronavirusCancerMonitoringonApril16', '2020.']","['#thelancetoncology', '#thelancet', '#covid', '#cancer']"
1,"['1person', 'closeup']",[]
3,"['1person', 'sitting', 'indoor']","['#covid', '#covid', '#saƒülƒ±k√ßalƒ±≈üanlarƒ±', '#ciltbakƒ±mƒ±veg√ºzellik', '#saƒülƒ±k', '#summer']"
5,['food'],"['#japan', '#tokyo', '#food', '#japanesefood', '#udon', '#travel', '#trip', '#travelgram', '#covid', '#—è–ø–æ–Ω–∏—è', '#—Ç–æ–∫–∏–æ', '#–∫–æ—Ä–æ–Ω–∞–≤–∏—Ä—É—Å', '#—Å–∞–º–æ–∏–∑–æ–ª—è—Ü–∏—è', '#–µ–¥–∞', '#—è–ø–æ–Ω—Å–∫–∞—è–∫—É—Ö–Ω—è', '#—à–∞–º–æ–≤–¥–º–∏—Ç—Ä–∏–π', '#Êó•Êú¨', '#Êù±‰∫¨', '#ÊóÖË°å', '#„ÅÜ„Å©„Çì', '#È£ü„ÅπÁâ©', '#„Ç≥„É≠„Éä']"
7,"['1person', 'sunglasses']",[]
9,"['2people', 'peoplesitting', 'closeup', 'indoor']","['#besafe', '#stayhome', '#medicalfield', '#dermatology', '#cma', '#shelterinplace', '#quarantine', '#covid', '#lockdown', '#foryou', '#PPE', '#thenewnormal', '#balcones', '#goodvibes', '#goodmorning']"
11,['text'],"['#psychic', '#stress', '#onefreequestion', '#happiness', '#Mimi', '#heartbroken', '#depressed', '#fat', '#money', '#confidence', '#summervibes', '#lost', '#follow4followback', '#confusion', '#paint', '#newyorkcity', '#californiaadventure', '#helpingothers', '#yolo', '#homedecor', '#wishing', '#freedom', '#soulmates', '#tnt', '#frogs', '#madness', '#unlimited', '#trump', '#springbreak', '#COVID']"
13,['Photobyworld007inNewDelhi.'],"['#aarogyasetu', '#indiafightscorona', '#gocoronago', '#covid', '#stayhome']"
14,['text'],"['#MBRUCommunityImmunity', '#COVID', '@almaith93', '@dr.nancylabib', '@joooory.dxb', '@mbruniversity', '@alshindaghamuseum']"
16,['text'],"['#psychic', '#stress', '#onefreequestion', '#happiness', '#Mimi', '#heartbroken', '#depressed', '#fat', '#money', '#confidence', '#summervibes', '#lost', '#follow4followback', '#confusion', '#paint', '#newyorkcity', '#californiaadventure', '#helpingothers', '#yolo', '#homedecor', '#wishing', '#freedom', '#soulmates', '#tnt', '#frogs', '#madness', '#unlimited', '#trump', '#springbreak', '#COVID']"
17,['text'],"['#coronavirusinindia', '#CoronavirusLockdown', '#COVID19', '#covidindia', '#lockdown', '#COVID', '#StayHomeSaveLives', '#StayAtHome']"
21,"['phone', 'text', ""aseguitodell'emergenzaCOVID-19"", ""stannovivendounasituazionedidisagio.'""]","['#emergenzacoronavirus', '#restiamoacasa', '#covid', '#sostegnopsicologico']"
22,['text'],"['#blogger', '#shoplocalnc', '#shopsmallnc', '#weship', '#ncboutique', '#ncsmallbiz', '#stayhome', '#street', '#keepcalmandwashyourhands', '#lockdown', '#staysafe', '#socialdiatancing', '#sixfeetapart', '#quarantine', '#6feetapart', '#coronavirus', '#corona', '#socialdistance', '#socialdistancingworks', '#covid19', '#throwbackthursday', '#stayhealthy', '#physicaldistancingsocialconnecting', '#staysafeoutthere', '#covid', '#qotd', '#washyourhandsandsayyourprayers', '#ncstrong', '#duplinstrong']"
25,"['oneormorepeople', 'closeup']","['#covid', '#coviÃád19', '#fightagainstcorona']"
27,"['1person', 'hat', 'closeup']","['#nurselife', '#nurse', '#ilovemyjob', '#covid', '#noicisiamo', '#gratitudine', '#grazie', '#andr√†tuttobene', '#nurses']"
28,"['1person', 'fruit', 'food']","['#dirumahaja', '#menengah', '#covid', '#19', '#pake', '#masker', '#belanja', '#superindo']"
29,['shoes'],"['#covid', '#construcaocivil', '#seguran√ßa', '#higienizacao', '#mascaras', '#obras', '#baixadasantista']"
31,['text'],"['#mejoramoscabanillas', '#16deAbril', '#prevecionyconsejos', '#JordiSierraiFabra', '#cabanillasdelasierra', '#Teatro', '#YoMeQuedoEnCasa', '#Seresponsable', '#Coronavirusmadrid', '#covid']"
32,['text'],"['#psychic', '#stress', '#onefreequestion', '#happiness', '#Mimi', '#heartbroken', '#depressed', '#fat', '#money', '#confidence', '#summervibes', '#lost', '#follow4followback', '#confusion', '#paint', '#newyorkcity', '#californiaadventure', '#helpingothers', '#yolo', '#homedecor', '#wishing', '#freedom', '#soulmates', '#tnt', '#frogs', '#madness', '#unlimited', '#trump', '#springbreak', '#COVID']"
33,"['tree', 'outdoor', 'text', 'nature']","['@alii_quotes786', '@alii_quotes786', '@alii_quotes786', '@alii_quotes786', '#alii_quotes786', '#likes', '#urduquotes', '#urdupoetry', '#love', '#urdupoetry', '#urdulove', '#poetryisnotdead', '#urdughazal', '#urdu', '#effectivelines', '#hearttouching', '#lovelines', '#ishqbaz', '#mirzaghalib', '#khuda', '#poetrycommunity', '#pakistan', '#rahatindori', '#kamal', '#writer', '#bestpoetry', '#islamicquotes', '#lovequotes', '#mirtaqimir', '#covid']"
34,['PhotobyŸÅÿßÿ∑ŸÖÿ©ÿßŸÑÿ≠ŸÖÿßÿØÿ©inAl-Hasa.'],"['#ÿ¥ŸÉÿ±ÿßŸã_ÿ£ÿ®ÿ∑ÿßŸÑ_ÿßŸÑÿµÿ≠ÿ©', '@saudimoh', '#ÿÆÿ∑Ÿä', '#ÿ¥ŸÉÿ±ÿß', '#ÿ¥ŸÉÿ±ÿßŸã', '#ÿÆÿ∑_ÿπÿ±ÿ®Ÿä', '#ŸäŸàŸÖŸäÿßÿ™_ÿßŸÑÿÆÿ∑_ÿßŸÑÿπÿ±ÿ®Ÿä', '#ÿπÿßŸÖ_ÿßŸÑÿÆÿ∑_ÿßŸÑÿπÿ±ÿ®Ÿä_2020', '#ÿ£ÿ®ÿ∑ÿßŸÑ_ÿßŸÑÿµÿ≠ÿ©', '#ÿßÿ®ÿ∑ÿßŸÑ_ÿßŸÑÿµÿ≠ÿ©_ÿ®ŸÉŸÖ_ŸÜŸÅÿÆÿ±', '#ŸÖÿπÿß_ŸÖŸÜ_ÿ£ÿ¨ŸÑ_ÿßŸÑŸÖŸÖŸÑŸÉÿ©', '#ŸÉŸÑŸÜÿß_ŸÖÿ≥ÿ§ŸàŸÑ', '#ÿÆŸÑŸäŸÉ_ÿ®ÿßŸÑÿ®Ÿäÿ™', '#ÿßŸÑÿßÿ≠ÿ≥ÿßÿ°', '#ŸÉŸàÿ±ŸàŸÜÿß', '#ŸÖŸÉÿßŸÅÿ≠ÿ©_ŸÉŸàÿ±ŸàŸÜÿß', '#ÿßŸÜÿ™ŸÖ_ÿßÿ®ÿ∑ÿßŸÑŸÜÿß', '#ÿßŸÜÿ™ŸÖ_ŸÅÿÆÿ±ŸÜÿß', '#covid', '#coviÃád_19', '#corona', '#ŸÜÿ®ŸäŸáÿß_ÿµŸÅÿ±', '#ŸÅÿßŸäÿ±Ÿàÿ≥_ŸÉŸàÿ±ŸàŸÜÿßcorona', '#ŸÖÿ≥ÿßÿ°_ÿßŸÑÿÆŸäÿ±', '#ÿ¥ÿßÿ±ŸÉŸÜÿß_ŸäŸàŸÖŸäÿßÿ™ŸÉ', '#ŸÖÿ≥ÿßÿ°_ÿßŸÑÿÆŸäÿ±', '#ŸÉŸÑŸÜÿß_ŸÜÿ≠ÿ®Ÿáÿß', '#ÿßŸÑÿ≥ÿπŸàÿØŸäÿ©_ÿßŸÑÿπÿ∏ŸÖŸâ', '#ÿßŸÑÿ≥ÿπŸàÿØŸäÿ©', '#ÿßŸÉÿ≥ÿ®ŸÑŸàÿ±', '#covid2020', '#covid', '@abdullah_a1sheikh', '@al7asa', '@palmoasis1.1.1', '@landofcivi', '@artists_mawhiba', '@k7at_1', '@kalmat.5', '@mwj_art', '@sucagr', '@arabi_art77', '@kkmmzz', '@nashr_almawahib', '@foool5', '@designer.stars5', '@nasher_9', '@mezox96', '@tag.f8', '@tag_font1', '@d_7ee', '@your_font_', '@calligraphycenter']"
35,['2people'],"['#coronavirus', '#studyinturkey', '#findyourwaywiththebest', '#turkey', '#studyabroad', '#travel', '#study', '#education', '#internationalstudents', '#goabroad', '#university', '#studentlife', '#turkishlanguage', '#learnturkish', '#turkishcourse', '#studyabroadagency', '#students', '#turkish', '#tomer', '#turkishforforeigners', '#studyinturkey2020', '#studyinturkeyüáπüá∑', '#findandstudy', '#turkiyedetehsil', '#attestatlatehsil', '#xaricdetehsil', '#attestatlaqebul', '#xaricdetehsilal', '#corona', '#covid']"
37,"['2people', 'text']","['#covid', '#ProSalud', '@drayiselisportes', '@drafeliarodriguez', '#todoestar√°bien', '#prosalud', '#prosperanza', '#equipoprosalud', '#informaci√≥n√∫til', '#judithcury']"
38,"['PhotobyPrincessDennisonApril16', '2020.']","['#entrepreneur', '#entrepreneurlife', '#masks', '#coviÃád19', '#covid', '#stylist', '#natural', '#custom', '#blackgirlmagic', '#primts', '#color', '#designer', '#trims', '#harlem', '#bronx', '#newyork', '#patterns', '#hustle', '#hustlehardgirl']"
40,"['oneormorepeople', 'car', 'outdoor']","['#coronavirus', '#covid', '#pandemic', '#coviddays', '#carnaxide', '#city', '#lisbon', '#cityphotography', '#work', '#picofday', '#photooftheday', '#europe', '#world', '#streetphotography', '#enjoylife', '#lovelife']"
42,"['1person', 'standing', 'tree', 'grass', 'outdoor', 'nature']","['#love', '#siantar', '#pematangsiantar', '#siantarman', '#corona', '#covid', '#semuakarenacorona']"
43,['Photoby@notjustmemespageinIndia.'],"['#memes', '#memesdaily', '#dankmemes', '#edgymemes', '#memepage', '#memestagram', '#funnymemes', '#funny', '#pun', '#instagood', '#lockdown', '#covid', '#coronavirus', '#covid_19', '#message', '#twittermemes', '#good', '#jokes', '#joke', '#india', '#indianmemes', '#ok', '#bye', '#jk', '#good', '#nice', '#food', '#story', '#new', '#humor']"
44,"['flower', 'plant', 'grass', 'nature', 'outdoor']","['#grateful', '#nature', '#qotd', '#covid']"
45,"['food', 'indoor']","['#covid', '#workfromhome', '#stayathome', '#dirumahaja']"
46,['text'],"['#socialdistancing', '#coronamemes', '#corona', '#coronavirusmemesüòÇüòÇüòÇ', '#covid', '#quarantine', '#stayinside', '#stayhome', '#memesdaily', '#memes', '#funnymemes', '#quarantinelife', '#lockdown', '#quarantineandchill']"
47,['food'],"['#coronacomedy', '#coronatime', '#coronameme', '#coronamemes', '#covidmemes', '#covidmeme', '#coronavirusmeme', '#viralmemes', '#haha', '#hahaha', '#2020memes', '#covid', '#viralfashion', '#virus', '#cire', '#outbreak', '#staypositive', '#socialdistancing', '#kolkata', '#kolkatagram', '#mumbai', '#delhi', '#dhaka', '#bengal', '#bangla', '#bengali', '#india', '#banglagram', '#bangladesh']"
48,['oneormorepeople'],"['#hate', '#corona', '#my', '#all', '#vacation', '#planning', '#yt', '#covid', '#vacation', '#always', '#wear', '#mask', '#way', '#to', '#heaven']"
3,"['1person', 'closeup']",[]
5,"['1person', 'standing', 'ocean', 'sky', 'outdoor', 'water', 'nature']","['#miss', '#missing', '#sun', '#sunny', '#sunnyday', '#√∂zleneng√ºnler', '#hijab', '#hijaberscommunity', '#hijabfashion', '#hijabstyle', '#hijabi', '#sea', '#seaside', '#hijabtutorial', '#hijaberscommunity', '#hijablove', '#travelphotography', '#travel', '#traveltheworld', '#vlog', '#turkishgirl', '#turkey', '#istanbul', '#quarantine', '#corona', '#coronaturkiye', '#covid', '#quarantinelife', '#quarantineandchill', '#tbt', '#throwback']"
6,"['1person', 'sitting', 'indoor']","['#covid', '#covid', '#saƒülƒ±k√ßalƒ±≈üanlarƒ±', '#ciltbakƒ±mƒ±veg√ºzellik', '#saƒülƒ±k', '#summer']"
12,['text'],"['#sanificazione', '#sanificazioneozono', '#covid', '#respiralatualibert√†']"
14,"['oneormorepeople', 'camera']","['#teamhdpc', '#quarantine', '#healthcareworkers', '#media', '#documentary', '#shoottime', '#covid', '#coronavirus', '#stayhomestaysafe', '#indiafightcorona', '#honor', '#horoes', '#healthcare', '#doctors', '#mask', '#nikonofficial', '#ramnagesh', '#nikonphotography', '#medicalphotography', '#nikon']"
15,"['PhotobyVozProgressistaonApril16', '2020.']","['@vozprogressista', '#quarentenanaosaoferias', '#golpista', '#forabolsonaro', '#cirogomes', '#bolsonarogenocida', '#presopolitico', '#fiqueemcasa', '#midianinja', '#jornalistaslivres', '#quarentena', '#eusoulula', '#vazajato', '#elenao', '#lulalivre', '#Moromente', '#covid', '#haddad', '#forabolsonaro', '#haddadpresidente', '#mariellepresente', '#conversaafiada', '#partidodostrabalhadores', '#theintercept', '#elenunca', '#fernandohaddad', '#isolamentosocial', '#elejamais', '#vazajato', '#acaboubolsonaro', '#bolsonaron√£o', '#grevegeral', '#vozprogressista']"
16,"['1person', 'sitting', 'outdoor']","['#—Å–∏–¥–∏–¥–æ–º–∞', '#—Å–∏–¥–∏–º–¥–æ–º–∞', '#—Å–∞–º–æ–∏–∑–æ–ª—è—Ü–∏—è', '#–∫–∞—Ä–∞–Ω—Ç–∏–Ω', '#–≤–∏—Ä—É—Å', '#–∫–æ—Ä–æ–Ω–∞–≤–∏—Ä—É—Å', '#covid', '#–≤—Å–µ–º', '#–∑–¥–æ—Ä–æ–≤—å—è', '#–Ω–µ–±–æ–ª–µ–π—Ç–µ', '#–±–µ—Ä–µ–≥–∏—Ç–µ', '#—Å–µ–±—è', '#—Å–≤–æ–∏—Ö', '#–±–ª–∏–∑–∫–∏—Ö', '#—Ö–æ—á–µ—Ç—Å—è', '#—Å–≤–æ–±–æ–¥—ã', '#—è—Ä–æ—Å–ª–∞–≤–ª—å', '#—Ç—É—Ç–∞–µ–≤', '#—Ä—ã–±–∏–Ω—Å–∫', '#—Ä–æ—Å—Ç–æ–≤', '#–∫–æ—Å—Ç—Ä–æ–º–∞', '#–≤–æ–ª–æ–≥–¥–∞', '#—Å—É–∑–¥–∞–ª—å', '#–≤–ª–∞–¥–∏–º–∏—Ä', '#–∏–≤–∞–Ω–æ–≤–æ', '#–º—ã—à–∫–∏–Ω', '#—É–≥–ª–∏—á', '#—Ç–≤–µ—Ä—å', '#–∞–ª–µ–∫—Å–∞–Ω–¥—Ä–æ–≤', '#–Ω–æ–≤–≥–æ—Ä–æ–¥']"
17,"['car', 'outdoor']","['@almightys_shots', '#tooshiethursday', '#cherryblossom', '#carsofig', '#13b', '#rotary', '#rx8', '#reckless', '#rotarypowered', '#od_performance', '@rotaryperformance7', '#mishimoto', '#cooledbymishimoto', '@mishimoto', '#teammishi', '#coolness', '#ny', '@aemintakes', '#stayhome', '@blackhaloracing', '#blackhaloracing', '#timessquare', '#ny1pic', '@mazdausa', '@purelyrx8', '@mazdaofficial', '@futurelegendapparel', '#nittotire', '#nitto', '#vessel', '@nittotire', '@_nittotire', '@rotarybum', '#covid', '#carporn', '#tiktok', '#carlifestyle', '#perfectlife', '#brapbox', '#green', '#newyork', '#philadelphia']"
18,"['1person', 'beard', 'meme', 'text', ""theproducershiredacertainnumberofhomelesspeopleinthearea&givethemwork.'""]","['#Helppoor', '#helppoorpeople', '#helppoor', '#helppoorchildrenoflaos', '#HelpPoorAndNeedyPeople', '#coronavirus', '#poor', '#covid', '#poorpeoplescampaign', '#coronavid19', '#poorpeoplefood', '#poorpeoplelife', '#eradicatepoverty', '#poverty', '#endpoverty', '#endpovertynow', '#silence', '#stayhomestaysafe', '#keepsmiling', '#keepshining', '#goodevening', '#play', '#study', '#gocorona', '#lockdown', '#fitindia', '#yogatrainer', '#gymfood', '#hunk']"
20,"['oneormorepeople', 'peoplestanding', 'phone', 'selfie', 'indoor']","['#bomdia', '#fiqueemcasa', '#todoscontraocoronavirus', '#covid', '#distanciamentosocial', '#quarentena', '#jejumintermitente', '#jejumevida', '#lowcarb']"
23,['flower'],"['#usps', '@usps_careers', '#stayhome', '#covid', '#mask', '#sewing', '#floral', '#print', '#fabric', '#design', '#art', '#custom']"
24,"['PhotobyAudeonApril16', '2020.']","['#shirt', '#skulls', '#black', '#grey', '#outfit', '#tetedemort', '#bnw', '#noiretblanc', '#tenue', '#confinement', '#covid', '#pouet', '#home']"
25,"['12people', 'text']","['@flx.management', '@budiawaty25_', '@novia_anggraaa', '@oktianawinarni__', '@ayniaaar', '@michaelcathneey', '@devitarizkyanap', '@afifahdunita', '@isalyulput', '@naila.dita', '@dinara_anggra', '@nurulkarimahh_', '@skinnyalllien', '#indonesiabersatu', '#likeforlike', '#lfl', '#flf', '#covid', '#selebgram', '#ulzzang', '#myfriend']"
27,"['Photoby‡∏Ñ‡∏≠‡∏•‡∏•‡∏≤‡∏£‡∏¥‡∏ä‡∏Ç‡∏≠‡∏á‡πÅ‡∏ó‡πâ100%onApril16', '2020.']","['#‡πÅ‡∏à‡∏Å‡∏™‡∏π‡∏ï‡∏£‡∏ú‡∏≠‡∏°', '#‡∏™‡πâ‡∏°‡∏î‡∏µ‡∏ó‡∏µ', '#‡∏î‡∏µ‡∏ó‡πá‡∏≠‡∏Å‡∏ã‡πå', '#‡∏•‡∏î‡∏û‡∏∏‡∏á‡πÄ‡∏£‡πà‡∏á‡∏î‡πà‡∏ß‡∏ô', '#‡∏â‡∏±‡∏ô‡∏à‡∏∞‡∏ú‡∏≠‡∏°‡πÅ‡∏ö‡∏ö‡∏õ‡∏•‡∏≠‡∏î‡∏†‡∏±‡∏¢', '#‡∏Ç‡∏≠‡∏á‡∏î‡∏µ‡∏ö‡∏≠‡∏Å‡∏ï‡πà‡∏≠', '#‡πÑ‡∏ß‡πâ‡∏£‡∏µ‡∏ß‡∏¥‡∏ß‡∏´‡πâ‡∏≤‡∏°‡∏Ç‡∏≤‡∏¢‡∏Ç‡∏≠‡∏á‡πÇ‡∏ß‡πâ‡∏¢‡∏¢', '#‡∏â‡∏±‡∏ô‡∏à‡∏∞‡∏™‡∏ß‡∏¢', '#‡∏ä‡∏∏‡∏î‡∏ß‡πà‡∏≤‡∏¢‡∏ô‡πâ‡∏≥‡πÄ‡∏ã‡πá‡∏Å‡∏ã‡∏µ‡πà', '#‡∏ó‡∏∞‡πÄ‡∏•', '#‡∏•‡∏î‡∏ô‡πâ‡∏≥‡∏´‡∏ô‡∏±‡∏Å', '#‡∏•‡∏î‡∏Ñ‡∏ß‡∏≤‡∏°‡∏≠‡πâ‡∏ß‡∏ô', '#detox', '#‡∏ä‡πà‡∏ß‡∏¢‡∏•‡∏î‡πÑ‡∏Ç‡∏°‡∏±‡∏ô', '#‡∏ä‡πà‡∏ß‡∏¢‡∏•‡∏î‡∏ô‡πâ‡∏≥‡∏´‡∏ô‡∏±‡∏Å', '#‡∏´‡∏∏‡πà‡∏ô‡∏î‡∏µ', '#‡∏≠‡∏≤‡∏´‡∏≤‡∏£‡πÄ‡∏™‡∏£‡∏¥‡∏°', '#‡∏Ñ‡∏≠‡∏•‡∏•‡∏≤‡∏£‡∏¥‡∏ä', '#‡∏Ç‡∏≤‡∏¢‡πÑ‡∏≠‡∏à‡∏µ10k', '#‡∏Ç‡∏≤‡∏¢‡πÑ‡∏≠‡∏à‡∏µ', '#‡∏Ç‡∏≤‡∏¢‡πÑ‡∏≠‡∏à‡∏µ‡∏£‡∏≤‡∏Ñ‡∏≤‡∏ñ‡∏π‡∏Å', '#valentines', '#‡∏™‡∏á‡∏Å‡∏£‡∏≤‡∏ô‡∏ï‡πå', '#covid', '#‡∏î‡∏≤‡∏£‡∏≤‡πÑ‡∏ó‡∏¢', '#‡∏ü‡∏≠‡∏•‡∏°‡∏≤‡∏ü‡∏≠‡∏•‡∏Å‡∏•‡∏±‡∏ö', '#‡∏ï‡∏¥‡∏î‡∏ï‡∏≤‡∏°‡∏°‡∏≤‡∏ï‡∏¥‡∏î‡∏ï‡∏≤‡∏°‡∏Å‡∏•‡∏±‡∏ö', '#likeforlike', '#followforfollowback', '#like4likes']"
30,"['1person', 'indoor']","['#confinamiento', '#recetasdecocina', '#lacocinadelamama', '#pandemia2020', '#cocinatradicional', '#cocinando', '#cuarentenareflexiones', '#cuarentenaconhumor', '#Cuarentenaespa√±a', '#covid']"
32,['Photoby@thenorthsarahfoodhubinNorthCityFoodCooperative.'],"['#NorthSarahFoodHub', '#covid']"
33,"['7people', 'meme', 'text']","['@vozprogressista', '#quarentenanaosaoferias', '#golpista', '#forabolsonaro', '#cirogomes', '#bolsonarogenocida', '#presopolitico', '#fiqueemcasa', '#midianinja', '#jornalistaslivres', '#quarentena', '#eusoulula', '#vazajato', '#elenao', '#lulalivre', '#Moromente', '#covid', '#haddad', '#forabolsonaro', '#haddadpresidente', '#mariellepresente', '#conversaafiada', '#partidodostrabalhadores', '#theintercept', '#elenunca', '#fernandohaddad', '#isolamentosocial', '#elejamais', '#vazajato', '#acaboubolsonaro', '#bolsonaron√£o', '#grevegeral', '#vozprogressista']"
34,['text'],"['#Repost', '@dra.tamaramazaracki', '#coronavirus', '#COVID', '#imunidade', '#pneumonia', '#tempestadedecitocinas', '#melatonina', '#AppTamaraMazaracki']"
35,"['PhotobyRuangSeniDoodleArtonApril16', '2020.']","['@aisyhh.art', '#stayathome', '#challengemyself', '#seni', '#senidoodle', '#doodleletter', '#covid', '#berkaryatanpahenti', '#semangatart', '#littleartist', '#doodledaily', '#snowman', '#artID', '#regrann']"
36,['PhotobyHOSCOFARMSinNorthCityFoodCooperative.'],"['#NorthSarahFoodHub', '#covid']"
37,['text'],"['#stayhome', '#stayhealthy', '#illustration', '#digitalart', '#digitalartist', '#digitalillustration', '#covid', '#dailyart', '#quarantine', '#quarantinelife', '#art', '#cartoon', '#procreateart', '#procreateartist', '#procreate']"
39,['1person'],"['#covid', '#kerala']"
41,['text'],"['#Repost', '@the.parisian.hostess', '@farmersmarketdropoff', '#facemasks', '#covid', '#essentialoils', '#staysafe', '#mask', '#putamaskon', '#maskyourfamily', '#theparisianhostess', '#bluebird', '#parttern', '#kit', '#health', '#wellness', '#boost', '#safety', '#fashionmask', '#3layermask', '#getone', '#youneed', '#musthave', '#ootd', '#paris']"
45,"['1person', 'selfie', 'closeup']",['#covid']
46,"['PhotobybenjaminprinceinTakoma', 'Washington', 'D.C..']","['#masks', '#frontlines', '#donate', '#covid', '#badassnurses', '#badassdoctors', '#fuckcorona', '#socialdistancing', '#staythefuckhome', '#inittogether', '#stitchbladeleatherworx', '#leatherart', '#leathercraft', '#addalittleclasstoyourmischief']"
48,"['text', ""elesprecisamdoseuapoio!'""]","['#Todosjuntos', '#ajudeumempreededor', '#ahazou', '#bandbeauty', '#empatia', '#quarentena', '#empreendedor', '#covid', '#comunicado', '#marketingcolaborativo', '#stayhome', '#covid19', '#ficaemcasa', '#socialmedia', '#midiassociais', '#pequenosnegocios', '#empreendedores', '#marica', '#robertacupulille']"
49,"['1person', 'mountain', 'sky', 'outdoor', 'nature']","['#tbt', '#fiqueemcasa', '#vaipassar', '#covid', '#florestadatijuca', '#rio', '#rj', '#cariocando', '#carioquissimo', '#porainorio', '#rioenquadrado', '#diariodorio', '#paradise', '#landscape', '#nature', '#planetearth']"
3,"['1person', 'closeup']",[]
5,"['1person', 'standing', 'ocean', 'sky', 'outdoor', 'water', 'nature']","['#miss', '#missing', '#sun', '#sunny', '#sunnyday', '#√∂zleneng√ºnler', '#hijab', '#hijaberscommunity', '#hijabfashion', '#hijabstyle', '#hijabi', '#sea', '#seaside', '#hijabtutorial', '#hijaberscommunity', '#hijablove', '#travelphotography', '#travel', '#traveltheworld', '#vlog', '#turkishgirl', '#turkey', '#istanbul', '#quarantine', '#corona', '#coronaturkiye', '#covid', '#quarantinelife', '#quarantineandchill', '#tbt', '#throwback']"
8,['food'],"['#japan', '#tokyo', '#food', '#japanesefood', '#udon', '#travel', '#trip', '#travelgram', '#covid', '#—è–ø–æ–Ω–∏—è', '#—Ç–æ–∫–∏–æ', '#–∫–æ—Ä–æ–Ω–∞–≤–∏—Ä—É—Å', '#—Å–∞–º–æ–∏–∑–æ–ª—è—Ü–∏—è', '#–µ–¥–∞', '#—è–ø–æ–Ω—Å–∫–∞—è–∫—É—Ö–Ω—è', '#—à–∞–º–æ–≤–¥–º–∏—Ç—Ä–∏–π', '#Êó•Êú¨', '#Êù±‰∫¨', '#ÊóÖË°å', '#„ÅÜ„Å©„Çì', '#È£ü„ÅπÁâ©', '#„Ç≥„É≠„Éä']"
9,['oneormorepeople'],"['#immunization', '#protect', '#preventable', '#buildimmunity', '#vaccine', '#covid', '#coronavirus', '#vaccineawareness', '#flu', '#flushot', '#immunity', '#dubai', '#stayhome', '#staysafe', '#dubaihealthcare', '#moh', '#dha', '#thankyoudubai', '#uae', '#fightcovid19', '#wearecommitted', '#kidshealth', '#pediatrics']"
11,"['1person', 'text']","['@_reposta', '#Baseball', '#WhiteHouse', '#Beisbol', '#Covid', '#MLB', '#MajorLeagueBaseball', '#Coronavirus', '#Beisbol']"
17,"['PhotobyJos√©ManuelPrietoGanimonApril16', '2020.']","['#Arqueria', '#ArcoYFlecha', '#Bow', '#Arrow', '#YouFailedThisCity', '#Entrenando', '#Training', '#Cuarentena', '#Quarentine', '#Coronavirus', '#Covid', '#Jueves', '#Thursday', '#Tucum√°n', '#Argentina']"
19,"['flower', 'plant', 'outdoor', 'nature']","['#tbt', '#gratidao', '#gratitude', '#grateful', '#gratitud', '#agradecer', '#agradecersempre', '#pequenascoisas', '#isolamentosocial', '#quarentena', '#quarentine', '#socialisolation', '#vidasistemica', '#cis', '#instalike', '#instafollow', '#girassol', '#sunflower', '#girasol', '#covid', '#aprendizado', '#inteligenciaemocional', '#impulsioneseusresultados', '#melhorqueontem', '#sejasuamelhorversao', '#vivamelhor', '#pazinterior', '#saudemental', '#cuidedevc', '#autocuidado']"
22,['text'],"['#Texas', '#coronavirus', '#preventcovid19spread', '#backtowork', '#COVID', '#FactsMatter']"
23,"['text', ""—á—Ç–æ—Ç—ã–º–æ–∂–µ—à—å–æ–±–æ–π—Ç–∏—Å—å–±–µ–∑–Ω–µ–≥–æ'""]","['#—Ñ–∏–ª–æ—Å–æ—Ñ–∏—è', '#—Ñ–∏–ª–æ—Å–æ—Ñ–∏—è–∂–∏–∑–Ω–∏', '#—Ñ–∏–ª–æ—Å–æ—Ñ', '#—Ü–∏—Ç–∞—Ç—ã', '#—Ü–∏—Ç–∞—Ç–∞', '#—É–º–Ω—ã–µ–º—ã—Å–ª–∏', '#—Ü–∏—Ç–∞—Ç—ã–≤–µ–ª–∏–∫–∏—Ö–ª—é–¥–µ–π', '#–º—ã—Å–ª–∏', '#–º—ã—Å–ª–∏–≤—Å–ª—É—Ö', '#–∫–Ω–∏–≥–∞', '#–ª–∏—Ç–µ—Ä–∞—Ç—É—Ä–∞', '#–ø–æ—ç–∑–∏—è', '#—Å—Ç–∏—Ö–æ—Ç–≤–æ—Ä–µ–Ω–∏–µ', '#—Å—Ç–∏—Ö–∏', '#–¥—É—Ö–æ–≤–Ω–æ—Å—Ç—å', '#–∫–æ—Ä–æ–Ω–∞2020', '#–∫–æ—Ä–æ–Ω–∞–≤–∏—Ä—É—Å2020', '#–∫–æ—Ä–æ–Ω–∞–≤–∏—Ä—É—Å', '#covid', '#koronavirus', '#–ª–∞–π–∫–∏', '#–ª–∞–π–∫–∏–≤–∑–∞–∏–º–Ω–æ', '#–ª–∞–π–∫–Ω–∏—á–æ–∫–∞–∫–Ω–µ—Ä–æ–¥–Ω–∞—è', '#–Ω—Ä–∞–≤–∏—Ç—Å—è', '#–ª–∞–π–∫–Ω–∏–º–µ–Ω—è', '#–ª–∞–π–∫–Ω–∏', '#–ª–∞–π–∫–∏–∑–∞–ª–∞–π–∫–∏', '#–ª–∞–π–∫–∏–∏–Ω—Å—Ç–∞–≥—Ä–∞–º', '#–ª–∞–π–∫–∏–≤–∏–Ω—Å—Ç–∞–≥—Ä–∞–º', '#–ª–∞–π–∫–∏–≤instagram']"
31,['cat'],"['#–∫–æ—à–∫–∞', '#cat', '#covid', '#–∫–æ—Ä–æ–Ω–∞–≤–∏—Ä—É—Å', '#–∫–∞—Ä–∞–Ω—Ç–∏–Ω']"
32,"['oneormorepeople', 'text']","['#plandecontingencia', '#metodologiakaiconsultores', '#charlasformativas', '#laoportunidad', '#esteeselmomento', '#quedateencasa', '#crisis', '#covid', '#juntosenladistancia']"
33,['text'],"['#MarianaLiandaEstetica', '#saude', '#saudeebemestar', '#beleza', '#mulher', '#felicidade', '#belohorizonte', '#covid', '#supera√ß√£o', '#empatia', '#emcasa']"
34,['dog'],"['#corona', '#covid', '#lockdown']"
35,"['oneormorepeople', 'text', 'TRIBUTOSECONTRIBUI√á√ïES:VEJAQUEFOIADIADO', ""SUSPENSOOUREDUZIDODURANTEAPANDEMIA'""]","['#pandemia', '#economia', '#impostos', '#tributos', '#contribui√ß√µes', '#blog', '@cnccontabil', '#xocoronavirus', '#todoscontracoronavirus', '#coronavirusbrazil', '#covid', '#fiqueemcasa', '#previnase', '#gest√£o', '#pequenasempresas', '#gestao', '#inovacao', '#empresas', '#empresariosdesucesso', '#sucessonavida', '#startupbrasil', '#jovensempreendedores', '#pequenasempresasgrandesnegocios', '#sucessoprofissional', '#empreendendo', '#empreendedorismodesucesso', '#empres√°rio', '#empreendedorismojovem']"
36,['drawing'],"['#coronasketch', '#corona', '#lockdown', '#covid', '#dailysketch', '#dailysketchbook']"
37,"['text', 'ESTRESSADO', 'CONFUSO', 'ASSUSTADOCOMRAIVADURANTEUMACRISE.CONVERSECOMPESSOASEMEMQUEMCONFIA', 'COMOAMIGOS', 'FAMILIARESCOMOUTROSMEMBROSDACOMUNIDADE', ""SEUTERAPEUTA...'""]","['#isolamentosocial', '#coviÃád19', '#covid', '#angustia', '#depressao', '#ansiedade', '#medo', '#psicologia', '#psicologa', '#maceio', '#alagoas', '#gestalt']"
38,['text'],"['@shraddhakapoor', '#stayhomestaysafe', '#corona', '#coronavirus', '#covid19', '#LockDown', '#covid', '#qurantine', '#indiafightscorona', '#instagram', '#instagramers', '#instagood', '#instadaily', '#typography', '#graphicoftheday', '#KaalaaMaal']"
39,['1person'],"['#ArtificialIntelligence', '#Health', '#Beauty', '#NoninvasiveSpaIndustry', '#Covid', '#Compliant', '#virtualconsultation', '#NoninvasiveSpaservices', '#NoninvasiveSpaTechnician', '#RecessionProofIndustry', '#DigitalMarketing', '#ArtificialIntelligence', '#onlinecourses', '#NoninvasiveSpaAffiliateProgram', '#continuingeducation', '#MarketWatch', '#WomenHelpingWomen', '#BecomeMore', '#2020TheYearofVision', '#REINVENTYOURSELF', '#GetInPosition', '#DigitalSmilesAndSpaAffiliatePartnerTLCBeautyBodyConsultantant']"
41,"['oneormorepeople', 'outdoor', 'text']","['#islam', '#repost', '#ayet', '#kuran', '#tesettur', '#huzur', '#gtr', '#bismillah', '#survivor', '#beƒüeni', '#takipte', '#takipedenitakipederim', '#allah', '#sevgi', '#a≈ük', '#takipp', '#covid', '#istanbul', '#√ßukur', '#asker', '#kadƒ±n', '#followforfollowback', '#followme', '#muslim', '#edebiyat', '#takiple≈ü', '#takipetkazan', '#takipet', '#s√∂z', '#takip√ßikazan']"
42,"['1person', 'meme', 'text']","['#covidmemes', '#funnymemes', '#relatablepost', '#covid', '#cheers']"
43,['PhotobyJLLucksinSantaCruzdeTenerife.'],"['#nofilter', '#tenerife', '#spain', '#stayhome', '#yomequedoencasa']"
44,"['Photoby3GENonApril16', '2020.']","['#3gendijital', '#3GENevde', '#dijital', '#digital', '#agency', '#ajans', '#reklam', '#advertising', '#tag', '#teamwork', '#ajans', '#izmir', '#creative', '#thinkdigital', '#evdekal', '#corona', '#coronavir√ºs', '#korona', '#covid', '#covid19', '#evdeyiz', '#stayathome', '#stayathomechallenge', '#stayhome', '#evdekal', '#tasarƒ±m', '#tasarƒ±mcƒ±']"
45,"['1person', 'phone', 'closeup']","['#ficaemcasa', '#covid', '#quarentenabrasileira', '#lockdownvertical', '#lockdownorizontal']"
46,['text'],"['#moreskin', '#bodybuilding', '#bodycare', '#putih', '#putihcepat', '#putihalami', '#nasa', '#naturalnusantara', '#covid', '#coviÃád19', '#socialdistancing', '#physicaldistancing', '#lfl', '#lflüíõ']"
47,['food'],"['#GENERAL', '#COVID', '#STAYHOME', '#STAYSAFE']"
48,"['1person', 'eyeglasses', 'closeup']","['@fondazionemerz', '#luissepulveda', '#rip', '#greatwriter', '#cile', '#covid', '#grandescrittore', '#sepulveda', '#books', '#portrait']"
49,"['3people', 'peoplestanding', 'shoes']","['#lookdodia', '#lookdodiabrasil', '#modaevangelica', '#vers√°til', '#modacrista', '#modamodesta', '#crente', '#cristao', '#look', '#moda', '#estilo', '#vestirbem', '#inspiracoes', '#blogueiras', '#influencer', '#digitalinfluencer', '#influencercrist√£', '#blogueiracrista', '#ccb', '#tbt', '#brasil', '#assembleiadedeus', '#modajovem', '#jovensassembleianos', '#jesus', '#biblia', '#pandemia', '#covid', '#mundo']"
50,"['shoes', 'text']","['#covid', '#quarantinelife', '#quarantineandchill']"
51,"['plant', 'text', 'outdoor', 'nature']","['#kerala', '#covid', '#news', '#kozhikode']"
53,"['1person', 'text']","['@vozprogressista', '#quarentenanaosaoferias', '#golpista', '#forabolsonaro', '#cirogomes', '#bolsonarogenocida', '#presopolitico', '#fiqueemcasa', '#midianinja', '#jornalistaslivres', '#quarentena', '#eusoulula', '#vazajato', '#elenao', '#lulalivre', '#Moromente', '#covid', '#haddad', '#forabolsonaro', '#haddadpresidente', '#mariellepresente', '#conversaafiada', '#partidodostrabalhadores', '#theintercept', '#elenunca', '#fernandohaddad', '#isolamentosocial', '#elejamais', '#vazajato', '#acaboubolsonaro', '#bolsonaron√£o', '#grevegeral', '#vozprogressista']"
55,"['dog', 'outdoor']","['#frenchbulldogworld', '#dogsofinsta', '#puppy', '#nhs', '#frenchiepuppy', '#frenchieoftheday', '#instagood', '#besafe', '#thankyoukeyworkers', '#frenchbully', '#frenchie', '#bulldog', '#pups', '#puppy', '#puppylove', '#petstagram', '#pets', '#pet', '#petsofinstagram', '#covid', '#liveforthestory', '#babyevos', '#stayhome', '#coronavirus', '#ukpotd', '#abkc', '#stayathome']"
56,['text'],"['#corona', '#covid', '#india', '#coviÃád19', '#lockdown', '#lockdown2020', '#virus', '#poetry', '#life', '#delhi', '#lifestyle', '#coronawarriors']"
57,"['1person', 'text']",[]
58,"['PhotobySeja‚ù§Ô∏èPorOndeForüåªonApril16', '2020.']","['#tempo', '#amor', '#paz', '#oporeflexaoder', '#Acredite', '#ben√ß√£o', '#frasesdeamor', '#agradecersempre', '#atraircoisasboas', '#esperanca', '#boasvibracoes', '#pazdeesp√≠rito', '#isolamentosocial', '#covid', '#positividade', '#ficaemcasa', '#ficaadicaüòâ', '#quintafeiraaben√ßoada', '#sextafeiradapaixao', '#sabadodealeluia', '#boapascoa', '#pascoa', '#pascoa2020', '#segunda', '#tercafeiraabencoada']"
59,"['sky', 'outdoor']","['#covid', '#goodmorning', '#paws', '#proplancat', '#proplan', '#optirenal', '#adult', '#cat', '#catsofinstagram', '#britishshorthair', '#scottishfold', '#morning', '#morningbeauty', '#love', '#sunbath', '#catsunbathing', '#catlover', '#sunshine', '#happiness', '@cats_of_instagram', '#spain', '#madrid', '#barcelona', '#spanish', '#spanishlearning', '#espa√±a', '#gato', '#gatos', '#gato_cats', '#ikea', '#sunnyday']"
61,"['food', 'indoor']","['#ÿ™ÿµŸàŸäÿ±', '#ÿ™ÿµŸàŸäÿ±Ÿä_', '#ÿ™ÿµŸàŸäÿ±Ÿä', '#ÿßŸÑÿØŸÖÿßŸÖ', '#ÿßŸÑÿ¥ÿ±ŸÇŸäÿ©', '#ÿßŸÑÿ¥ÿ±ŸÇŸäŸá', '#ÿ±ŸÉŸÜ_ÿßŸÑÿ±ÿ≠ŸÑÿßÿ™', '#ÿßŸÑÿØŸÖÿßŸÖ_ÿßŸÑÿÆÿ®ÿ±', '#ÿßŸÑŸÅŸäÿµŸÑŸäÿ©', '#ÿßŸÑŸÅÿ±ÿ≥ÿßŸÜ', '#ŸÑÿßŸäŸÉ', '#ŸÜÿ¥ÿ±', '#ÿßÿπŸÑÿßŸÜÿßÿ™', '#ÿßŸÑŸÇÿµŸäŸÖ', '#ÿ®Ÿáÿßÿ±ÿßÿ™', '#ÿ®Ÿáÿßÿ±', '#ÿ≥ŸÖÿ®Ÿàÿ≥ÿ©', '#ÿ±ŸÖÿ∂ÿßŸÜ_ŸÉÿ±ŸäŸÖ', '#ÿ±ŸÖÿ∂ÿßŸÜ', '#ŸÉŸàŸÖŸÜÿ™', '#ŸÑÿßŸäŸÉÿßÿ™', '#covid', '#ÿ™ÿ®ÿßÿØŸÑ_ÿßÿπŸÑÿßŸÜŸä', '#ŸÜÿ¥ÿ±_ÿ≠ÿ≥ÿßÿ®ÿßÿ™', '#ÿ™ŸàÿµŸäŸÑ_ÿ∑ŸÑÿ®ÿßÿ™', '#ÿ™ŸàÿµŸäŸÑ', '#ŸÖŸÜÿØŸàÿ®', '#ŸÖŸÜÿØŸàÿ®_ÿ™ŸàÿµŸäŸÑ', '#ÿ±ÿ≤€åŸÜ', '#ÿßÿ±ÿ≤']"
62,"['PhotobybenjaminprinceinTakoma', 'Washington', 'D.C..']","['#donation', '#masks', '#bitchin', '#masks', '#stitchbladeleatherworx', '#leather', '#leathercraft', '#facemasks', '#covid', '#fuckcorona', '#staythefuckhome', '#socialdistancing', '#inittogether', '#addalittleclasstoyourmischief']"
63,"['2people', 'beard']","['#brasil', '#sp', '#preto', '#aneismasculinos', '#pulseirasmasculinas', '#barba', '#coquesamurai', '#tbt', '#live', '#fiqueemcasa', '#quarentena', '#quarantine', '#covid', '#likesforlike', '#followforfollowback', '#model', '#man', '#masculino', '#modamasculina']"
66,"['text', ""havealotofpeopletoshareitwithsowantedtosharethisgoodnewstoyouall!DiscussionThismakesmesohappywhenlookedatmyaccounttoday!Mydirectdeposithitthesameday!1.2k127SINGLECOMMENTTHREADShareVIEWALLshayterfoundouttodaythatapparentlydon'tgetone.I'minmylastsemesterofschool.Myparentsfiledasdependenttaxes"", 'tellingme', ""sincelivewiththem.don'tget'""]",[]
67,"['text', ""INWHICHCASEIWILLEATACOOKIE.'""]","['#aerialchallenge', '#aerialtraining', '#aerialyoga', '#yogisofig', '#playtime', '#circuslife', '#aerialcirque', '#albanyfitness', '#yogafitness', '#yogisofinstagram', '#aerialarts', '#albany', '#albanyny', '#aerialistsofinstagram', '#aerialistsofig', '#circusarts', '#circusstrong', '#yogaforflexibility', '#yogaeverydamnday', '#yogisofinstagram', '#covid', '#covid19', '#coronavirus', '#onlineyoga']"
69,"['1person', 'hat']","['#travel', '#marocco', '#covid', '#marrakesh', '#–º–∞—Ä–æ–∫–∫–æ', '#africa', '#architecture', '#streetstyle', '#–ø—É—Ç–µ—à–µ—Å—Ç–≤–∏–µ', '#likeforlikes', '#follow', '#lightroom', '#filter', '#likes', '#happy', '#quarantine', '#dreams', '#world', '#–∞—Ñ—Ä–∏–∫–∞', '#lightroom', '#view', '#photographer', '#beautiful', '#pictures', '#color', '#instagram', '#instagood', '#memories', '#moments', '#oldtown', '#film']"
70,"['1person', 'standing']","['#travel', '#marocco', '#covid', '#marrakesh', '#–º–∞—Ä–æ–∫–∫–æ', '#africa', '#architecture', '#streetstyle', '#–ø—É—Ç–µ—à–µ—Å—Ç–≤–∏–µ', '#likeforlikes', '#follow', '#lightroom', '#filter', '#style', '#likes', '#happy', '#quarantine', '#dreams', '#world', '#–∞—Ñ—Ä–∏–∫–∞', '#lightroom', '#view', '#photographer', '#beautiful', '#pictures', '#color', '#instagram', '#instagood', '#memories', '#moments', '#oldtown']"
72,['text'],"['#covid', '#lockdown', '#day9', '#pray', '#stayhome', '#losttheplot', '#workfromhome']"
74,"['text', ""nonimmediate'""]","['#covid', '#covid19', '#finanziamenti', '#aiutialleimprese', '#aiuti', '#governo', '#statoitaliano', '#decretoimprese']"
75,"['1person', 'eyeglasses', 'text', 'elaest√°criandoumavacinacontraCOVID-19aquinoBrasil.Compartilheparaquetodomundosaibaqueembrevesair√°acuracriadaporn√≥sn√≥sbrasileiros.For√ßadoutoraLet√≠cia', ""todosn√≥sacreditamosemvoc√™!!!#covid19'""]","['#covid', '#corona', '#virus', '#brazil']"
77,"['car', 'sky', 'outdoor', 'nature']","['#fordf150raptor', '#raptor', '#svt', '#fordraptor', '#v8', '#husqvarna', '#covid']"
78,"['Photoby@photopressoonApril16', '2020.']","['#hellokitty', '#kitty', '#kittycat', '#asakusa', '#tokyo', '#closed', '#„Éè„É≠„Éº„Ç≠„ÉÜ„Ç£', '#ÊµÖËçâ', '#‰ºëÊ•≠', '#Êñ∞Âûã„Ç≥„É≠„Éä„Ç¶„Ç§„É´„Çπ', '#covid']"
79,"['PhotobyVozProgressistaonApril16', '2020.']","['@vozprogressista', '#quarentenanaosaoferias', '#golpista', '#forabolsonaro', '#cirogomes', '#bolsonarogenocida', '#presopolitico', '#fiqueemcasa', '#midianinja', '#jornalistaslivres', '#quarentena', '#eusoulula', '#vazajato', '#elenao', '#lulalivre', '#Moromente', '#covid', '#haddad', '#forabolsonaro', '#haddadpresidente', '#mariellepresente', '#conversaafiada', '#partidodostrabalhadores', '#theintercept', '#elenunca', '#fernandohaddad', '#isolamentosocial', '#elejamais', '#vazajato', '#acaboubolsonaro', '#bolsonaron√£o', '#grevegeral', '#vozprogressista']"
80,"['PhotobyPriscillaGrassionApril16', '2020.']","['#covid', '#fiqueemcasa', '#sesairusemascara']"
81,"['1person', 'sitting']","['#covid', '#coviÃád19', '#haliburton', '#myhaliburtonhiglands', '#haliburtonlife', '#library']"
82,"['PhotobyParafiaE-AZgierzonApril16', '2020.']","['#StudiumBiblijneWCzasachZarazy', '#studiumbiblijne', '#bible', '#biblemeeting', '#zoom', '#zoomeeting', '#coviÃád19', '#zosta≈Ñwdomu']"
83,"['PhotobyMusacid‚ö°Ô∏èonApril16', '2020.']","['#ciri', '#cat', '#kitten', '#kitty', '#bored', '#lol', '#instacat', '#covid', '#coronavirus', '#quarantine', '#isolation', '#box']"
84,"['1person', 'eyeglasses', 'text', 'elaest√°criandoumavacinacontraCOVID-19aquinoBrasil.Compartilheparaquetodomundosaibaqueembrevesair√°acuracriadaporn√≥sn√≥sbrasileiros.For√ßadoutoraLet√≠cia', ""todosn√≥sacreditamosemvoc√™!!!#covid19'""]","['#covid', '#corona', '#virus', '#brazil']"
85,"['1person', 'night']","['#quarantine', '#stayhome', '#photoart', '#selfie', '#pysyt√§√§nkotona', '#nallehaaste', '#creativity', '#finland', '#covid', '#raisio']"
86,"['oneormorepeople', 'text']","['#covid', '#corona', '#coronavirus']"
87,"['3people', 'text']","['#Momasos', '#Memes', '#MemesDaily', '#memesespa√±ol', '#Telecinco', '#Christofer', '#nynovargas', '#CoVid', '#Tentaciones', '#quedateencasa', '#yomequedoencasa', '#SofiaSuescun', '#Nairobi', '#Supervivientes', '#SV', '#Gatos', '#Supervivientes2020', '#BailarinesDelFeretro', '#Isla', '#Coronavirus', '#SiempreCornudo', '#MoneyHeist', '#covid19', '#coronavirusmemes', '#LaCasaDePapel', '#Cuarentena', '#BellaCiao', '#LaCasaDePapelmemes']"
88,"['Photoby‚Åôùî∞ùî±ùî¶ùî†ùîéùîûùî´ùî°ùî≠ùî¨ùîéùî¢‚ÅôonApril16', '2020.']","['#procreate', '#digitalart', '#blackartists', '#blackwork', '#handpokedtattoo', '#handpoke', '#illustrationnow', '#blacklinetattoo', '#graphicdesign', '#tattooillustration', '#ipaddrawing', '#applepencil', '#digitaldrawing', '#wannado', '#ignorantstyle', '#tattooflash', '#flashtattoo', '#flashsheet', '#tattooflashsheet', '#flashart', '#ignorant_tattoos', '#wannado', '#wannadotattoo', '#covid', '#scissortattoo', '#ginkotattoo', '#fortunecookie', '#mouthprotection']"
91,"['4people', 'beard', 'closeup']","['#covidcuts', '#covid', '#haircut', '#coronacuts', '#coronamemes', '#board', '#horseshoe', '#headshaved', '#baldhead', '#buzzcut']"
92,"['PhotobyNahalHaghbinonApril16', '2020.']","['#yogaavecmoi', '#yogawithnahal', '#yogaeverydamday', '#personal', '#yamclasses', '#yamworkshops', '#yamtogetherness', '#onlinegathering', '#covid', '#covid_19', '#coronavirus', '#globallove', '#sacredspace', '#sacredshares', '#stayhomewithme', '#sacredspace', '#onlinesacredspace', '#english', '#spanish', '#mandarin']"
93,"['tree', 'plant', 'outdoor']","['#aesthetic', '#aestheticurdushayari', '#lockdown', '#covid', '#urdupoetry', '#urduadab', '#aestheticphotography', '#aesthetictumblr', '#aesthetically', '#aestheticurdu', '#urdu', '#poetryaddict', '#poetry', '#motivation', '@__maktub__40', '@aesturdu', '@aestic.girl', '@snapseedpk']"
94,['text'],"['#stayathome', '#wirsindf√ºreuchda', '#wirsindf√ºrsieda', '#covid']"
95,"['text', ""Police'""]","['@sophieboyzz', '#lockdownextension', '#lockdown2020', '#covid', '#quarantine', '#beatingdoctors', '#shameonyou', '#fightwithcorona']"
97,"['PhotobyAbbeyEyeCareonApril16', '2020.']","['#wereinthistogether', '#covid', '#oakville', '#stayathomechallenge', '#togetherathome', '#youareremarkable', '#paintedrocks', '#healthcareheros']"
98,['2people'],"['#knutcosmeticos', '#knut', '#restaura√ß√£o', '#knutabsolut', '#cabelosquebradi√ßos', '#knutcare', '#hidratacaocapilar', '#frizz', '#cabelosporosos', '#quarentena', '#covid', '#delivery']"
102,['text'],"['#Salud', '#Coronavirus', '#EmergenciaSanitaria', '#Argentina', '#Ingreso', '#IngresoFamiliarDeEmergencia', '#TrabajoEnNegro', '#Monotributo', '#ANSES', '#Covid', '#Estado', '#Abogada', '#AbogadaInforma', '#Derechos']"
103,"['2people', 'text']","['#plandecontingencia', '#metodologiakaiconsultores', '#charlasformativas', '#laoportunidad', '#esteeselmomento', '#quedateencasa', '#crisis', '#covid', '#juntosenladistancia']"
104,"['1person', 'standing', 'text']","['#Coronavirus', '#caspositifs', '#transmissionscommunautaires', '#patientsgu√©ris', '#COVID', '#kebetu', '#senegal', '#Dakar']"
105,"['1person', 'closeup']","['#classof2020', '#seniorpictures', '#highschool', '#linganorehighschool', '#school', '#covid', '#corona', '#grateful']"
106,"['1person', 'selfie', 'closeup']","['#howmanydayshasitbeen', '#startingtomisseventhepeopleidonlike', '#covid']"
108,"['1person', 'eyeglasses', 'text', 'elaest√°criandoumavacinacontraCOVID-19aquinoBrasil.Compartilheparaquetodomundosaibaqueembrevesair√°acuracriadaporn√≥sn√≥sbrasileiros.For√ßadoutoraLet√≠cia', ""todosn√≥sacreditamosemvoc√™!!!#covid19'""]","['#covid', '#corona', '#virus', '#brazil']"
109,['text'],"['@academiadocfiles', '#DoctorFile', '#DrFile', '#DocFiles', '#5G', '#5g', '#covid', '#coviÃád19', '#coronavid19', '#coronavirus', '#coronavirus']"
114,"['1person', 'standing', 'outdoor']","['#KajalAgarwal', '#KajalAggarwal', '#staysafe', '#stayhome', '#stayhealthy', '#staypositive', '#covid', '#coviÃád19', '#corona', '#coronamemes', '#goodevening', '#smile', '#quarantinelife', '#quarantine']"
115,"['1person', 'text']","['#chplnjreads', '#chplnjcares', '#heartoftown', '#cherryhillnj', '#cherryhillreads', '#chplnj', '@donald_norcross']"
119,['phone'],"['#moreskin', '#bodybuilding', '#bodycare', '#putih', '#putihcepat', '#putihalami', '#nasa', '#naturalnusantara', '#covid', '#coviÃád19', '#socialdistancing', '#physicaldistancing', '#lfl', '#lflüíõ']"
120,"['2people', 'text']","['#YoSoyGuascaFm', '#informaci√≥n', '#musica', '#musicapopular', '#musicapopularcolombiana', '#popular', '#jessieuribe', '#cuarentena', '#paolajara', '#encasa', '#jhonnyrivera', '#covid', '#lucha', '#ganar', '#superar', '#buenasnoticias', '#medellin', '#tolima', '#manizales', '#valle']"
121,['text'],"['#tempo', '#amor', '#paz', '#oporeflexaoder', '#Acredite', '#ben√ß√£o', '#frasesdeamor', '#agradecersempre', '#atraircoisasboas', '#esperanca', '#boasvibracoes', '#pazdeesp√≠rito', '#isolamentosocial', '#covid', '#positividade', '#ficaemcasa', '#ficaadicaüòâ', '#quintafeiraaben√ßoada', '#sextafeiradapaixao', '#sabadodealeluia', '#boapascoa', '#pascoa', '#pascoa2020', '#segunda', '#quintafeiraaben√ßoada', '#corona', '#jesusnocontrole']"
122,"['1person', 'eyeglasses']","['@tonyvaccarophotographer', '#tonyvaccaro', '#tonyvaccarophotographer', '#artistportrait', '#photographer', '#covid', '#portrait', '#portraitphotography', '#livinglegend', '#legendaryphotographer', '#newyork']"
124,"['PhotobyMarinaLykhoinParis', 'France.']","['#Lykhoart', '#themagazine43', '#sztuka', '#art', '#artwork', '#kommuneo', '#design', '#blackandwhite', '#—á–±', '#—Å—Ç–∏–ª—å', '#style', '#inspiration', '#–≥—Ä–∞—Ñ–∏–∫–∞', '#—Ä–∏—Å—É–Ω–æ–∫', '#–∏–ª–ª—é—Å—Ç—Ä–∞—Ü–∏—è', '#grafika', '#blackandwhiteillustration', '#graphic', '#graphics', '#illustration', '#graphicdesign', '#blackandwhiteart', '#–ø—É—Ç–µ—à–µ—Å—Ç–≤–∏—è', '#travels', '#travelling', '#covid', '#coronavid19', '#coronatime']"
127,['outdoor'],"['#covid', '#goodmorning', '#paws', '#proplancat', '#proplan', '#optirenal', '#adult', '#cat', '#catsofinstagram', '#britishshorthair', '#scottishfold', '#morning', '#morningbeauty', '#love', '#sunbath', '#catsunbathing', '#catlover', '#sunshine', '#happiness', '@cats_of_instagram', '#spain', '#madrid', '#barcelona', '#spanish', '#spanishlearning', '#espa√±a', '#gato', '#gatos', '#gato_cats', '#ikea', '#sunnyday']"
128,"['1person', 'closeup']","['#burgos', '#madrid', '#espa√±a', '#teamo', '#love', '#primeraniversario', '#cari√±o', '#lerma', '#yomequedoencasa', '#covid', '#tequiero', '#tequieromucho', '#vida']"
129,"['peoplesitting', 'dog', 'table', 'indoor']","['#willowtheirishdoodle', '#irishdoodle', '#irishdoodlesofinstagram', '#dogsofinstagram', '#doodlesofinstagram', '#covid']"
130,['text'],"['#GFX', '#graphics', '#photomanipulation', '#astronomy', '#coviÃád19', '#covid', '#corona', '#coronavirus']"
134,"['text', 'butinstyle!""\'']",['#covid']
135,"['oneormorepeople', 'outdoor', 'nature', 'water']","['@sarahmae992', '@tetitach', '@sparklymechanic', '@sailstrong', '#locoladies', '#coronavirus', '#corona', '#covid19', '#covid_19', '#covid', '#staysafe', '#stayhealthy', '#staystrong', '#stayhome', '#doyourpart', '#socialdistancing', '#alonetogether', '#wecandothis', '#powerofpositivity', '#nature', '#naturephotography', '#waterfall', '#waterfalls', '#exploremore', '#explore', '#adventure', '#adventuretime', '#deep', '#deepthoughts', '#help', '#supportlocal', '#support']"
137,"['text', 'bacterias', 'hongos', 'esporasyprotozoosPURIFICA', 'LIMPIAYDESINFECTAAMBIENTESAct√∫am√°sr√°pidoquelalej√≠aycloro', ""esmenoscontaminanteynoescorrosivoMEJORANDOCADAD√çAPARA'""]","['#ozonizador', '#desinfeccionentiemposdecovid', '#ozono', '#covid', '#covid19vigo', '#clinicasabc', '#dentistavigo', '#clinicaesteticavigo', '#clinicadentalvigo', '#quedateencasa']"
141,['1person'],"['#Army', '#Airforces', '#Covid']"
143,['text'],"['#hugs', '#hugsforeveryone', '#covid', '#toughtimesmakeyoustronger', '#aparttogether']"
144,"['PhotobyOur1888onApril16', '2020.']","['@interiordefine', '#home', '#homesweethome', '#cleaning', '#donate', '#goodwill', '#loft', '#livingroom', '#livingroomdecor', '#homedecor', '#thechair', '#toys', '#toomanytoys', '#goodvibes', '#manifestation', '#manifest', '#dreamhome', '#homerenovation', '#toys', '#creativity', '#repurposed', '#quarantine', '#quaranteam', '#covid', '#stayhome', '#stayhomestaysafe']"
145,"['PhotobyCarn√©JovenComunidadMadridonApril16', '2020.']","['#carnejovenmadrid', '#carn√©joven', '#mascota', '#covid', '#coronavirus', '#consejos', '#qu√©dateencasa', '#yomequedoencasa']"
147,['PhotobyPCHEREinFoxboroBusiness.'],"['#spring', '#peaceloveworld‚úåüèº‚ù§Ô∏èüåè']"
149,"['1person', 'sunglasses', 'closeup']","['#foryourpage', '#folgtmir', '#vermissen', '#single', '#hamburg', '#love', '#sonne', '#sommer', '#sunglases', '#sun', '#corona', '#covid', '#neum√ºnster', '#kiss', '#meer', '#wildparty']"
151,"['PhotobyVivekPalonApril16', '2020.']","['#covid', '#19', '#india', '#nizamuddin', '#markaz', '#tablighijamaat', '#doctors', '#healthcareworkers', '#fight', '#with', '#covid', '#19', '#police']"
152,['text'],"['#Repost', '@in.buona.fede', '#disegno', '#disegnare', '#art', '#vignette', '#sepulveda', '#luissepulveda', '#informazione', '#gabbiano', '#volare', '#covid2019', '#covid', '#quarantena', '#iorestoacasa', '#italy', '#spagna', '#cile']"
153,['4people'],"['#mimandaraitre', '#fiavet', '#confcommercio', '#tourism', '#tv', '#iostoconleadv', '#msc', '#covid']"
154,"['1person', 'text']","['@startingfinance', '@bainandcompany', '@startingfinance', '#sfunicatt', '#startingfinance', '#finace', '#economy', '#club', '#unicatt', '#milano', '#learningfinance', '#sharingexperience', '#covid', '#dirette']"
155,['airplane'],"['#grounded', '#airplanes', '#covid', '#night', '#nightphotography', '#dark', '#shadows', '#eerie', '#creepy', '#creepypasta', '#surrealism', '#shotoniphone', '#iphoneography', '#pictureoftheday', '#instagood', '#instadaily', '#pdx', '#airport', '#portland', '#artistsofinstagram', '#fineartphotography', '#editorial', '#quarantine', '#goingnowhere', '#photography', '#4am', '#4amclub']"
160,"['PhotobyRatihKukuhHaryaniinPurbalingga', 'JawaTengah', 'Indonesia.']","['#moreskin', '#bodybuilding', '#bodycare', '#putih', '#putihcepat', '#putihalami', '#nasa', '#naturalnusantara', '#covid', '#coviÃád19', '#socialdistancing', '#physicaldistancing', '#lfl', '#lflüíõ']"
163,"['sky', 'tree', 'cloud', 'outdoor']","['#confinement', '#confinementafrique', '#afrique', '#mozambique', '#eau', '#forage', '#eaupotable', '#bricolage', '#diyplomberie', '#plomberie', '#adventure', '#confinementpositif', '#africa', '#minimalisme', '#autonomieeau', '#maisonautonome', '#autonomie', '#quarantaine', '#covid', '#coronavirus', '#travelafrica', '#travel2020', '#vanlife', '#nouvellevie']"
165,"['1person', 'sitting', 'outdoor', 'water']","['#era', '#realestate', '#property', '#investment', '#opportunity', '#forsale', '#covid', '#corona', '#virus', '#southafrica', '#isolation', '#lockdown', '#peaceful']"
166,"['plant', 'cat']","['#covid', '#goodmorning', '#paws', '#proplancat', '#proplan', '#optirenal', '#adult', '#cat', '#catsofinstagram', '#britishshorthair', '#scottishfold', '#morning', '#morningbeauty', '#love', '#sunbath', '#catsunbathing', '#catlover', '#sunshine', '#happiness', '@cats_of_instagram', '#spain', '#madrid', '#barcelona', '#spanish', '#spanishlearning', '#espa√±a', '#gato', '#gatos', '#gato_cats', '#ikea', '#sunnyday']"
167,"['1person', 'selfie', 'closeup']","['@nuviadgarl', '#cumplea√±os', '#cuarentena', '#covid', '#detallazo']"
169,['text'],"['#mizah', '#muratsakaoƒülu', '#mizaht√ºrkiye', '#mizahsayfasƒ±', '#mizah≈ü√∂r', '#aykutelmas', '#halilibrahimg√∂ker', '#osmancankuzu', '#burasƒ±t√ºrkiye', '#sinirli', '#bir', '#dost', '#sayko', '#deli', '#saykodelipayla≈üƒ±mlar', '#ke≈üfet', '#instagram', '#instat√ºrkiye', '#corona', '#covid', '#okul', '#eba', '#e']"
171,"['oneormorepeople', 'indoor']","['#covid', '#coviÃád19']"
172,['text'],"['@vodafoneuk', '#vodafone', '#dreamlab', '#imperialcollege', '#business', '#businessman', '#blogger', '#amazing', '#blog', '#sleeplikeahero', '#like4like', '#followme', '#follow', '#followforfollowback', '#instalike', '#smart', '#covid', '#cancer', '#project', '@anthony_montella97', '@vodafoneit']"
173,"['tree', 'plant', 'outdoor', 'nature']","['#chair', '#woods', '#spring', '#peaceloveworld‚úåüèº‚ù§Ô∏èüåè']"
175,"['peoplesitting', 'screen', 'table', 'indoor']","['#covid19', '#quarantena', '#lavoratori', '#avvocato', '#studiolegale', '#vogliamolavorare', '#crisi', '#covid', '#decreto', '#consigliodeiministri']"
176,"['grass', 'outdoor', 'nature']","['@periferica_project', '#firstdaylastday', '#iamthevirus', '#coronavirus', '#covid', '#artistinquarantine', '#quarantine', '#performance', '#contemporaryart', '#contemporaryartist', '#dig', '#streaming', '#livevideo', '#mazara', '#sicily', '#italy', '#pandemic', '#who']"
177,['text'],"['#Stimulus', '#Stimuluscheck', '#Banks', '#Banking', '#Covid']"
178,"['1person', 'text']","['#plandecontingencia', '#metodologiakaiconsultores', '#charlasformativas', '#laoportunidad', '#esteeselmomento', '#quedateencasa', '#crisis', '#covid', '#juntosenladistancia']"
181,"['1person', 'sky', 'outdoor', 'water', 'nature']","['#chill', '#priroda', '#bosut', '#nature', '#instadaily', '#covid', '#coviÃád19', '#instagram', '#vinkovci', '#croatia']"
182,['plant'],"['@annaflorane', '#contemporaryart', '#thursdaythoughts', '#black', '#oval', '#evolution', '#artwork', '#artcollector', '#art', '#luxuryinteriors', '#modern', '#kawaii', '#minimalism', '#artoftheday', '#beautiful', '#instaart', '#artist', '#abstractart', '#watercolor', '#painting', '#covid', '#belarus', '#qatar', '#dubai', '#2020']"
183,"['1person', 'standing', 'text']","['#tv', '#kanal', '#emtv', '#corona', '#covid']"
184,['text'],"['#selfisolation', '#podcasts', '#covid']"
185,"['oneormorepeople', 'text', 'TRIBUTOSECONTRIBUI√á√ïES:VEJAQUEFOIADIADO', ""SUSPENSOOUREDUZIDODURANTEAPANDEMIA'""]","['#pandemia', '#economia', '#impostos', '#tributos', '#contribui√ß√µes', '#blog', '@nearyoubpo', '#xocoronavirus', '#todoscontracoronavirus', '#coronavirusbrazil', '#covid', '#fiqueemcasa', '#previnase', '#gest√£o', '#pequenasempresas', '#gestao', '#inovacao', '#empresas', '#empresariosdesucesso', '#sucessonavida', '#startupbrasil', '#jovensempreendedores', '#pequenasempresasgrandesnegocios', '#sucessoprofissional', '#empreendendo', '#empreendedorismodesucesso', '#empres√°rio', '#empreendedorismojovem']"
186,['text'],"['#nutrition', '#healthylifestyle', '#herbalife', '#herbalifenutrition', '#strong', '#covid', '#socialdistancing', '#socialdistancing2020', '#nutritionmatters', '#stayhealthy', '#nutritionclub', '#livingmybestlife', '#homegym', '#getfit', '#fitfamily', '#selflove', '#progress', '#familygrowth', '#wewillovercome', '#staystrong', '#healthyliving', '#stayhealthy', '#burnfat', '#workfromhome']"
188,"['3people', 'peoplestanding', 'indoor']","['#maepsserdang', '#COVID', '#temporaryhospital']"
190,['dog'],"['#32', '#quarantinelife', '#wheatenterrier', '#nyclife', '#covid']"
191,"['1person', 'text']","['#meme', '#memes', '#funny', '#dailymemes', '#edgymemes', '#lmao', '#memestagram', '#dankmeme', '#memepage', '#nicememes', '#dankmemer', '#memepages', '#memes4days', '#instapic', '#insta', '#followme', '#like', '#happy', '#instagram', '#cool', '#fun', '#photooftheday', '#picoftheday', '#bestodtheday', '#tagblender', '#corona', '#coronavirus', '#quarantine', '#covid', '#covid19']"
193,['drawing'],"['#coronasketch', '#lockdown', '#covid', '#dailysketch', '#dailysketchbook']"
194,"['2people', 'text']","['#jeremyharbour', '#enterpreneur', '#business', '#success', '#harbourclub', '#covid', '#forbes', '#motivation', '#speaker', '#wealth', '#m', '#greatattitude', '#gododeals', '#priorities', '#actions']"
196,['food'],['#SupportLocal']
197,"['text', 'instagram2daysintensivetrainingVenue-whatsappFeeis10', '000Discountedprice5', ""000'""]",[]
198,"['4people', 'text']","['#cuarentenacoronavirus', '#covid', '#covid19']"
